Age,Gender,Education Level,Job Title,Years of Experience,Company Tier,Salary
50,Male,Bachelors,Teacher,27,Mid-size,1558401
40,Female,Masters,Software Engineer,17,Startup,2300159
43,Male,PhD,Accountant,22,Mid-size,2988044
42,Female,High School,Data Scientist,21,Startup,1619310
46,Female,Masters,Accountant,25,Startup,1676798
49,Female,Bachelors,Accountant,25,MNC,1902737
24,Male,PhD,Data Scientist,3,Startup,1602934
39,Male,PhD,Data Scientist,15,Mid-size,3664659
30,Female,High School,Lawyer,8,Startup,2061177
28,Female,High School,Software Engineer,4,Mid-size,687560
35,Female,High School,Lawyer,14,MNC,2856944
23,Female,Masters,Software Engineer,1,Mid-size,1155406
50,Male,Bachelors,Doctor,27,Mid-size,7271918
31,Male,PhD,Software Engineer,9,Mid-size,1924386
36,Male,Masters,Accountant,12,MNC,2832584
42,Male,PhD,Software Engineer,18,Startup,3020631
45,Female,PhD,Teacher,23,Startup,1911863
50,Female,High School,Software Engineer,27,MNC,1426227
29,Male,Masters,Lawyer,5,MNC,3893218
26,Male,PhD,Accountant,4,Mid-size,1611729
28,Female,High School,Data Scientist,7,MNC,1515509
44,Female,High School,Software Engineer,22,MNC,1515341
43,Male,High School,Teacher,20,Mid-size,874539
35,Male,High School,Software Engineer,12,Mid-size,1212241
35,Female,Masters,Data Scientist,12,Startup,1947907
53,Male,PhD,Accountant,30,Mid-size,3981423
25,Female,Masters,Data Scientist,3,Mid-size,1377966
36,Male,PhD,Accountant,13,Mid-size,2916147
49,Female,Masters,Lawyer,27,Startup,4757837
27,Male,Masters,Lawyer,3,Startup,2290339
51,Female,PhD,Teacher,29,MNC,2688094
49,Male,Bachelors,Accountant,28,Startup,2029307
48,Female,High School,Software Engineer,26,MNC,1602044
48,Male,Masters,Lawyer,27,Startup,7498203
45,Male,High School,Software Engineer,22,MNC,1543506
45,Male,PhD,Accountant,24,Mid-size,3254427
33,Female,Bachelors,Data Scientist,11,MNC,2448994
58,Female,Masters,Accountant,37,Startup,3290644
44,Male,Bachelors,Doctor,23,Startup,6047793
23,Female,PhD,Data Scientist,2,Mid-size,1946303
53,Male,Masters,Software Engineer,30,Startup,3173956
38,Female,High School,Software Engineer,15,Startup,1209334
55,Female,PhD,Accountant,33,Startup,4504983
37,Male,PhD,Teacher,16,MNC,1658295
37,Male,Bachelors,Data Scientist,16,MNC,2823043
57,Male,High School,Software Engineer,34,Mid-size,2020282
41,Female,Masters,Software Engineer,17,MNC,1588502
22,Female,Masters,Software Engineer,0,Mid-size,795058
44,Female,Bachelors,Teacher,21,Mid-size,1112986
37,Male,PhD,Data Scientist,15,Mid-size,3551510
23,Female,Bachelors,Lawyer,2,Startup,2019726
30,Female,PhD,Lawyer,9,Mid-size,4268835
24,Female,PhD,Lawyer,0,Mid-size,2985669
45,Male,High School,Doctor,21,Startup,5069450
56,Male,PhD,Accountant,32,Startup,3962847
50,Male,High School,Data Scientist,28,Startup,2174052
56,Female,Bachelors,Accountant,32,MNC,2800482
41,Female,Masters,Data Scientist,17,MNC,3367044
38,Male,High School,Lawyer,14,Mid-size,2678776
43,Male,Bachelors,Teacher,20,Mid-size,960419
59,Male,High School,Software Engineer,38,Startup,2230134
48,Female,Masters,Doctor,26,Startup,7547666
54,Male,Bachelors,Teacher,33,Mid-size,1255654
25,Male,PhD,Teacher,2,Startup,820183
27,Male,PhD,Teacher,4,MNC,983177
52,Male,Bachelors,Data Scientist,29,MNC,3340598
54,Male,PhD,Teacher,30,Startup,1421968
52,Female,Masters,Software Engineer,30,Startup,3082195
45,Female,Bachelors,Accountant,23,Startup,1767552
23,Male,Bachelors,Software Engineer,1,MNC,1094092
50,Female,High School,Teacher,28,Startup,1153443
46,Female,High School,Accountant,22,Startup,1683340
57,Male,PhD,Lawyer,36,Mid-size,9098755
44,Female,Masters,Software Engineer,21,Startup,1667844
44,Male,High School,Data Scientist,21,MNC,2306484
43,Female,PhD,Software Engineer,21,MNC,3219494
27,Male,PhD,Teacher,4,Startup,734460
54,Female,PhD,Accountant,30,Mid-size,3834841
26,Male,High School,Lawyer,3,Mid-size,2346689
37,Female,High School,Teacher,16,MNC,846506
40,Male,PhD,Lawyer,16,MNC,7375410
47,Male,Masters,Lawyer,26,Mid-size,5266956
33,Female,Bachelors,Teacher,12,Mid-size,727867
46,Female,Masters,Doctor,22,Mid-size,7058400
26,Male,High School,Teacher,4,MNC,578803
43,Female,Bachelors,Data Scientist,22,MNC,2814943
51,Male,Masters,Software Engineer,29,Startup,2511017
51,Female,Masters,Lawyer,30,Startup,6384970
26,Male,High School,Lawyer,2,Mid-size,1591483
40,Female,Bachelors,Data Scientist,18,Startup,3313370
25,Male,High School,Doctor,1,Startup,1852980
49,Female,PhD,Accountant,25,Startup,4117516
33,Male,PhD,Software Engineer,11,MNC,2334100
58,Female,High School,Teacher,34,Mid-size,1167766
31,Male,High School,Lawyer,8,MNC,2527360
38,Female,PhD,Doctor,16,Mid-size,7416279
47,Male,Masters,Lawyer,25,MNC,7143639
25,Male,Bachelors,Lawyer,3,MNC,3161266
50,Male,PhD,Data Scientist,26,Startup,5495358
57,Female,High School,Data Scientist,35,Mid-size,2334398
56,Male,High School,Data Scientist,35,MNC,3387049
53,Female,Masters,Doctor,29,MNC,10452472
33,Female,PhD,Software Engineer,12,Mid-size,2250829
56,Female,Bachelors,Teacher,35,Startup,1248847
41,Male,PhD,Doctor,17,Startup,5684336
40,Male,PhD,Lawyer,19,Mid-size,6906727
49,Male,High School,Lawyer,27,Startup,4583798
37,Female,PhD,Teacher,16,Mid-size,1383554
42,Male,Masters,Software Engineer,18,Startup,2477619
33,Female,PhD,Doctor,12,Mid-size,7651353
59,Female,PhD,Accountant,36,Startup,3168962
30,Female,Masters,Doctor,8,MNC,4765384
29,Male,Masters,Teacher,5,Mid-size,776490
25,Male,High School,Doctor,1,Startup,1643685
48,Female,High School,Doctor,26,Mid-size,4788288
49,Male,Masters,Teacher,27,Mid-size,1465226
22,Male,Masters,Lawyer,0,MNC,2779915
46,Male,Bachelors,Doctor,22,MNC,6926698
53,Female,PhD,Teacher,32,MNC,2691290
58,Female,Masters,Teacher,34,Mid-size,1783475
39,Male,Masters,Accountant,16,MNC,2870148
52,Male,Masters,Lawyer,31,Mid-size,8060028
37,Male,High School,Data Scientist,14,MNC,1993234
29,Male,Masters,Doctor,7,Startup,3595616
49,Male,PhD,Software Engineer,25,Mid-size,2585131
48,Male,High School,Data Scientist,26,MNC,2521453
50,Female,High School,Doctor,29,MNC,6984752
51,Female,PhD,Teacher,29,Startup,1729841
54,Male,High School,Software Engineer,32,MNC,1894737
46,Female,Bachelors,Lawyer,24,MNC,5921457
54,Female,High School,Software Engineer,32,Mid-size,2016501
26,Female,PhD,Data Scientist,4,MNC,2769030
58,Female,Bachelors,Accountant,36,MNC,3285636
35,Female,PhD,Accountant,14,MNC,2917466
53,Female,PhD,Doctor,31,Startup,9229139
47,Male,Bachelors,Accountant,25,Startup,2727663
33,Male,Bachelors,Data Scientist,12,Mid-size,2509033
51,Male,PhD,Software Engineer,28,Mid-size,2969796
44,Male,High School,Teacher,21,Startup,1103914
32,Female,PhD,Data Scientist,9,Startup,2944393
55,Male,High School,Accountant,33,Mid-size,2541139
36,Male,High School,Data Scientist,13,MNC,1854369
59,Female,Bachelors,Teacher,38,Mid-size,1722932
38,Female,Bachelors,Lawyer,17,MNC,4890734
38,Female,Bachelors,Software Engineer,16,Mid-size,1337791
23,Female,PhD,Doctor,2,Startup,3511914
32,Female,PhD,Doctor,9,Startup,4744139
37,Male,Bachelors,Doctor,14,MNC,5411823
25,Female,High School,Software Engineer,1,MNC,819857
53,Female,High School,Accountant,30,MNC,2281381
40,Male,High School,Teacher,19,Startup,725443
43,Female,High School,Lawyer,22,Startup,5126695
33,Female,High School,Teacher,11,MNC,635156
47,Male,Masters,Teacher,26,Mid-size,1653586
51,Female,Bachelors,Teacher,28,Startup,1346508
56,Male,Bachelors,Accountant,35,Mid-size,2801439
43,Female,High School,Doctor,21,MNC,5487345
45,Male,High School,Doctor,23,MNC,5330305
44,Female,PhD,Data Scientist,22,MNC,5112522
36,Female,Masters,Lawyer,12,Startup,2795823
31,Female,High School,Teacher,8,Startup,441928
47,Female,PhD,Data Scientist,25,Startup,5829163
24,Male,Masters,Data Scientist,3,MNC,1841380
43,Male,Bachelors,Teacher,21,MNC,1678760
40,Male,Masters,Software Engineer,18,MNC,1865143
47,Male,Bachelors,Software Engineer,23,MNC,2156740
27,Male,High School,Lawyer,6,MNC,2084815
25,Female,Masters,Software Engineer,3,Mid-size,894430
52,Male,High School,Lawyer,28,Mid-size,3757730
57,Female,Masters,Accountant,33,Startup,2605898
49,Male,Masters,Teacher,26,Mid-size,1596746
51,Male,High School,Software Engineer,27,Startup,1864374
23,Male,PhD,Data Scientist,0,MNC,2526930
26,Male,Bachelors,Doctor,4,Mid-size,2938617
33,Female,Masters,Accountant,10,Startup,1972439
59,Male,Bachelors,Lawyer,38,Startup,6862424
34,Male,PhD,Data Scientist,11,Startup,2487568
31,Male,High School,Data Scientist,10,Startup,1561747
22,Male,Bachelors,Teacher,0,MNC,676090
32,Male,High School,Data Scientist,9,Mid-size,1117914
51,Female,Bachelors,Teacher,28,MNC,1552155
33,Male,PhD,Doctor,10,Startup,6382198
43,Female,High School,Teacher,19,Startup,807662
58,Male,PhD,Software Engineer,36,Mid-size,4074817
58,Female,Bachelors,Doctor,37,Startup,7312869
25,Male,High School,Software Engineer,4,Mid-size,803498
29,Female,Masters,Lawyer,6,MNC,3674184
59,Female,Masters,Data Scientist,38,Startup,4925380
46,Male,High School,Accountant,25,Startup,1826091
35,Male,Masters,Lawyer,14,Mid-size,4511670
27,Female,PhD,Lawyer,5,Startup,3656392
36,Male,PhD,Accountant,13,Startup,3348100
48,Male,Masters,Doctor,24,MNC,9797766
54,Male,High School,Data Scientist,32,Startup,2625127
26,Male,High School,Data Scientist,3,Startup,914295
34,Male,PhD,Teacher,11,MNC,1203177
36,Male,Bachelors,Data Scientist,15,Mid-size,2632396
25,Male,Masters,Teacher,1,Mid-size,813923
47,Female,Masters,Doctor,24,Mid-size,7628764
31,Female,Bachelors,Data Scientist,7,Startup,1279176
47,Female,High School,Accountant,25,Mid-size,1762535
39,Male,Bachelors,Software Engineer,18,Startup,1597962
33,Female,Bachelors,Software Engineer,9,MNC,1497966
58,Male,High School,Lawyer,34,Mid-size,5159832
52,Male,High School,Data Scientist,30,MNC,2799055
57,Male,Bachelors,Data Scientist,35,MNC,4492951
36,Male,Masters,Accountant,15,Mid-size,1987010
31,Female,Bachelors,Lawyer,7,Mid-size,2930999
56,Female,Masters,Lawyer,33,Startup,7192263
59,Female,Bachelors,Teacher,37,Startup,846053
48,Female,PhD,Accountant,27,Mid-size,3435496
45,Male,Masters,Software Engineer,24,Mid-size,1889566
45,Male,High School,Teacher,24,Startup,924933
43,Male,High School,Accountant,21,Startup,1350200
49,Female,PhD,Lawyer,26,Startup,7412240
22,Male,High School,Lawyer,0,Startup,1349869
40,Male,High School,Doctor,18,Startup,3594117
50,Male,Masters,Accountant,28,Startup,3285118
22,Female,PhD,Lawyer,0,Startup,3149954
49,Female,High School,Data Scientist,28,Mid-size,1929466
25,Male,Bachelors,Data Scientist,4,Mid-size,1325376
24,Male,High School,Accountant,0,Mid-size,696847
55,Male,PhD,Teacher,31,MNC,2258036
24,Male,PhD,Data Scientist,0,Startup,1397372
29,Male,Masters,Accountant,7,MNC,1501890
54,Female,PhD,Lawyer,30,Startup,7386941
53,Female,Bachelors,Teacher,29,Mid-size,1407642
37,Female,PhD,Software Engineer,13,Mid-size,1690136
39,Male,Masters,Doctor,16,Mid-size,6764335
42,Female,PhD,Teacher,19,MNC,2260550
22,Female,High School,Software Engineer,0,Startup,428706
23,Female,Bachelors,Teacher,0,Mid-size,464575
26,Female,Masters,Doctor,5,MNC,3662109
55,Female,Bachelors,Teacher,34,MNC,1731129
43,Female,PhD,Lawyer,19,MNC,7591582
53,Male,Bachelors,Lawyer,32,Startup,5301015
30,Male,Masters,Software Engineer,6,MNC,1650368
30,Female,High School,Lawyer,8,Mid-size,2374911
47,Female,High School,Accountant,25,Mid-size,1792293
58,Male,PhD,Teacher,35,MNC,3383401
57,Male,PhD,Teacher,36,Startup,2226038
46,Male,Bachelors,Data Scientist,24,MNC,3399789
43,Male,Masters,Doctor,22,Mid-size,6042564
48,Male,PhD,Doctor,24,MNC,10452079
28,Male,Bachelors,Doctor,6,Mid-size,3645196
49,Male,PhD,Doctor,27,MNC,12280552
22,Female,Masters,Data Scientist,0,MNC,1513980
50,Male,Bachelors,Teacher,29,Startup,1483617
57,Male,High School,Software Engineer,36,Startup,2425257
55,Male,High School,Data Scientist,32,Mid-size,2742595
26,Female,PhD,Data Scientist,2,MNC,1998437
38,Male,Masters,Teacher,16,MNC,1700839
30,Male,Masters,Doctor,9,MNC,4358272
46,Female,Bachelors,Software Engineer,23,MNC,1992541
38,Male,PhD,Software Engineer,16,Startup,2901337
33,Male,High School,Doctor,11,MNC,4486436
58,Male,Bachelors,Teacher,36,MNC,1901294
39,Female,PhD,Data Scientist,18,Startup,4719858
47,Male,Masters,Lawyer,24,Startup,5277270
38,Male,High School,Doctor,15,Startup,3891379
28,Female,Masters,Lawyer,6,MNC,3332451
29,Male,Masters,Accountant,7,Startup,1729961
52,Male,Masters,Teacher,30,Startup,1552776
38,Female,PhD,Data Scientist,16,Startup,2777701
55,Male,PhD,Lawyer,32,MNC,11340397
44,Male,PhD,Doctor,20,MNC,11501163
25,Male,Bachelors,Data Scientist,4,Mid-size,1604607
54,Female,PhD,Lawyer,30,Mid-size,8218518
23,Male,Bachelors,Doctor,0,Startup,2341396
34,Female,Bachelors,Data Scientist,13,Startup,2049412
50,Male,Bachelors,Lawyer,28,Startup,6528864
31,Male,Bachelors,Software Engineer,9,Startup,711747
26,Female,Masters,Data Scientist,5,Mid-size,1586228
35,Female,High School,Software Engineer,11,Mid-size,804165
58,Male,Masters,Lawyer,37,Startup,7551569
36,Male,PhD,Teacher,15,Startup,1334818
25,Female,PhD,Accountant,1,MNC,1466101
45,Male,Bachelors,Accountant,22,Mid-size,2031117
29,Male,Masters,Doctor,5,Mid-size,4034507
31,Male,High School,Accountant,8,MNC,1143539
24,Male,Bachelors,Doctor,0,MNC,2888611
44,Female,Bachelors,Lawyer,23,Mid-size,4993649
56,Female,High School,Accountant,34,Mid-size,2038134
24,Male,Masters,Lawyer,0,Startup,2594439
46,Male,Masters,Software Engineer,25,MNC,2232393
49,Male,PhD,Accountant,28,Mid-size,3932910
46,Female,PhD,Data Scientist,25,MNC,5417553
36,Male,High School,Lawyer,14,Mid-size,2608018
47,Male,Masters,Teacher,25,Mid-size,1493878
38,Female,High School,Teacher,16,Startup,324950
50,Male,Masters,Teacher,27,Startup,1608681
55,Male,Bachelors,Teacher,31,Startup,1128228
27,Male,High School,Software Engineer,3,MNC,967022
54,Male,High School,Software Engineer,31,Startup,1950566
46,Male,Bachelors,Lawyer,25,Mid-size,5678056
59,Male,Masters,Lawyer,35,MNC,8433661
51,Male,Masters,Teacher,28,MNC,1882176
35,Male,Bachelors,Lawyer,14,Startup,3334331
53,Male,Bachelors,Teacher,32,MNC,1774150
38,Male,Masters,Teacher,14,Mid-size,990900
45,Female,High School,Teacher,24,MNC,1122442
51,Male,Masters,Doctor,28,Mid-size,8295877
49,Female,PhD,Teacher,25,Mid-size,1815466
43,Male,Bachelors,Software Engineer,19,MNC,1844702
25,Male,Masters,Data Scientist,2,MNC,1739687
38,Male,PhD,Doctor,16,Mid-size,7535936
39,Male,High School,Doctor,17,Startup,4874866
33,Male,Bachelors,Lawyer,10,MNC,3598191
32,Female,High School,Teacher,10,MNC,746617
56,Male,PhD,Software Engineer,35,Startup,4209142
50,Female,Bachelors,Doctor,29,Mid-size,6443536
35,Male,Masters,Accountant,11,MNC,2152769
38,Male,Bachelors,Lawyer,16,MNC,3868010
42,Male,High School,Data Scientist,19,MNC,2222683
27,Male,Bachelors,Teacher,4,Mid-size,634452
36,Female,Bachelors,Data Scientist,14,Mid-size,2109592
36,Male,PhD,Doctor,12,MNC,8405509
46,Male,High School,Data Scientist,25,Mid-size,1829288
28,Female,Masters,Doctor,5,Mid-size,3920548
45,Male,Bachelors,Doctor,21,Mid-size,7030316
41,Male,PhD,Teacher,17,Startup,1295337
43,Female,Bachelors,Teacher,21,Startup,1007887
29,Male,Masters,Lawyer,6,MNC,3819353
39,Female,Bachelors,Accountant,17,MNC,2274066
59,Male,PhD,Doctor,38,MNC,14830055
45,Female,PhD,Data Scientist,24,Startup,3687090
43,Female,Bachelors,Teacher,19,Startup,1291893
53,Male,High School,Software Engineer,31,MNC,1652994
54,Female,High School,Lawyer,33,Mid-size,4153258
47,Female,High School,Teacher,25,MNC,1055507
36,Male,Bachelors,Teacher,14,Startup,908447
32,Female,Masters,Teacher,11,Mid-size,1068860
29,Male,Masters,Software Engineer,5,Mid-size,1300010
28,Female,PhD,Teacher,5,Mid-size,1088069
43,Male,PhD,Software Engineer,21,Mid-size,2627044
35,Female,High School,Teacher,12,Startup,829788
33,Male,Bachelors,Teacher,12,MNC,1085768
40,Female,Masters,Software Engineer,17,MNC,2171633
50,Male,Bachelors,Data Scientist,27,Mid-size,2841082
39,Female,Bachelors,Data Scientist,17,Mid-size,2213185
53,Male,High School,Data Scientist,29,MNC,2999461
31,Female,High School,Data Scientist,8,MNC,1518160
36,Female,High School,Software Engineer,15,Startup,1064487
42,Female,Masters,Accountant,19,MNC,2608625
58,Female,Bachelors,Software Engineer,34,Startup,2638074
45,Female,High School,Doctor,23,Startup,5163685
57,Female,PhD,Lawyer,35,MNC,12435187
23,Male,High School,Teacher,0,MNC,518658
33,Female,High School,Data Scientist,10,Startup,1901597
36,Male,High School,Doctor,15,MNC,4318438
51,Male,PhD,Accountant,28,MNC,4855208
23,Male,Masters,Accountant,0,MNC,1205683
35,Male,High School,Doctor,11,MNC,4663823
27,Male,PhD,Software Engineer,6,Startup,1708654
23,Female,High School,Lawyer,0,Startup,1122513
33,Male,PhD,Teacher,9,Startup,918396
52,Female,High School,Accountant,29,Mid-size,1988430
37,Male,Bachelors,Lawyer,15,MNC,4349808
22,Male,High School,Teacher,1,Mid-size,376821
22,Male,Bachelors,Lawyer,1,Startup,1625964
58,Male,Masters,Doctor,35,Mid-size,11050755
49,Male,Bachelors,Doctor,26,Mid-size,6542280
41,Male,Masters,Data Scientist,19,Startup,2500847
58,Female,High School,Accountant,37,MNC,2965776
41,Male,PhD,Data Scientist,20,Mid-size,4257668
55,Male,Masters,Lawyer,34,MNC,8816640
52,Female,High School,Data Scientist,28,MNC,3246053
59,Female,High School,Accountant,35,Startup,1927678
42,Female,PhD,Doctor,21,Startup,8030114
59,Female,PhD,Software Engineer,38,Mid-size,3710004
39,Male,Bachelors,Data Scientist,18,Mid-size,2400883
33,Female,High School,Lawyer,10,MNC,2882443
54,Female,Bachelors,Software Engineer,33,Mid-size,1940620
26,Male,PhD,Data Scientist,5,Startup,2045362
27,Male,High School,Accountant,4,Mid-size,893661
34,Male,PhD,Software Engineer,13,MNC,2406513
32,Male,Masters,Doctor,8,Mid-size,5038639
25,Female,High School,Lawyer,3,Startup,1716552
34,Male,Masters,Teacher,13,MNC,1271964
22,Male,Bachelors,Data Scientist,0,Mid-size,1022581
42,Male,PhD,Lawyer,19,MNC,9423817
36,Female,Masters,Accountant,15,Mid-size,1551468
54,Male,Bachelors,Data Scientist,33,MNC,4310021
59,Female,Masters,Doctor,37,Startup,7776327
35,Male,Masters,Lawyer,13,Startup,4655924
42,Male,High School,Teacher,20,Mid-size,822069
57,Female,Masters,Data Scientist,34,Startup,3513885
42,Male,Masters,Doctor,19,MNC,7870468
36,Female,Masters,Doctor,15,Startup,5132450
25,Female,PhD,Data Scientist,4,MNC,2373491
35,Female,PhD,Lawyer,14,Startup,6923200
48,Male,Masters,Data Scientist,27,Mid-size,4065594
37,Female,Masters,Lawyer,15,MNC,5581579
34,Female,Bachelors,Software Engineer,10,MNC,1553707
28,Male,Masters,Teacher,5,Startup,769767
52,Male,High School,Doctor,29,Startup,5845544
57,Female,PhD,Software Engineer,33,MNC,4281587
22,Male,PhD,Doctor,0,Mid-size,3852207
34,Male,Masters,Doctor,11,MNC,7396367
49,Male,High School,Teacher,28,Mid-size,1231079
45,Female,High School,Accountant,23,Mid-size,1599594
45,Male,Masters,Accountant,21,Mid-size,2262802
25,Male,High School,Software Engineer,3,Startup,743285
31,Female,High School,Doctor,10,Startup,2902928
54,Male,Masters,Data Scientist,31,MNC,4540377
56,Female,High School,Doctor,32,Mid-size,5696938
38,Female,Bachelors,Lawyer,16,Startup,3462534
49,Male,High School,Lawyer,26,MNC,4428384
35,Male,PhD,Data Scientist,14,Mid-size,4148008
23,Male,PhD,Lawyer,0,Mid-size,2825687
24,Female,Masters,Software Engineer,2,Mid-size,980469
32,Female,PhD,Software Engineer,9,Mid-size,1751097
25,Female,High School,Lawyer,3,Startup,1639106
57,Male,Bachelors,Data Scientist,33,Startup,4593846
30,Male,PhD,Accountant,6,Startup,1310998
25,Male,High School,Accountant,4,Startup,684656
26,Male,High School,Doctor,2,Startup,1768661
59,Female,PhD,Software Engineer,35,MNC,5237999
24,Male,High School,Data Scientist,2,MNC,1486900
55,Male,Bachelors,Doctor,32,Mid-size,7003394
57,Male,Bachelors,Doctor,36,MNC,8800417
37,Female,High School,Accountant,15,Mid-size,1142899
37,Male,High School,Accountant,13,MNC,1385521
41,Male,Bachelors,Software Engineer,18,MNC,1730263
26,Male,Masters,Software Engineer,2,Mid-size,1090597
51,Male,Masters,Accountant,30,MNC,3354753
29,Female,Bachelors,Doctor,6,Startup,3712497
33,Female,High School,Teacher,11,Mid-size,596276
23,Female,High School,Teacher,2,Mid-size,406160
44,Female,Masters,Accountant,22,Startup,3059644
56,Male,PhD,Software Engineer,34,Mid-size,3693265
58,Male,PhD,Data Scientist,34,Startup,5484388
56,Female,PhD,Teacher,34,MNC,3008319
35,Female,High School,Accountant,14,Startup,1081719
35,Female,PhD,Software Engineer,11,Startup,2119767
23,Male,Masters,Data Scientist,2,Startup,894244
52,Female,Bachelors,Doctor,30,MNC,8535907
56,Male,Masters,Software Engineer,35,Mid-size,3146676
55,Female,PhD,Software Engineer,31,Startup,2463072
36,Male,Bachelors,Lawyer,12,Mid-size,2947548
52,Male,Masters,Software Engineer,30,MNC,3165222
27,Female,Masters,Doctor,3,Mid-size,3010868
44,Male,PhD,Doctor,21,Mid-size,7630757
55,Female,Masters,Accountant,33,MNC,3029020
52,Male,Masters,Software Engineer,28,Mid-size,1932462
30,Male,Masters,Teacher,7,Mid-size,773294
37,Male,PhD,Software Engineer,13,MNC,3093156
38,Female,High School,Teacher,17,MNC,940906
57,Male,Masters,Software Engineer,33,Startup,3080962
58,Female,Bachelors,Doctor,34,Mid-size,7008497
56,Male,Bachelors,Doctor,33,Startup,6702393
28,Female,PhD,Lawyer,7,Startup,4257082
23,Female,High School,Lawyer,1,MNC,1780318
36,Male,PhD,Lawyer,15,Mid-size,5761549
26,Female,PhD,Lawyer,5,Mid-size,3686756
42,Male,High School,Accountant,21,Mid-size,1498714
32,Male,PhD,Software Engineer,9,Startup,1364211
47,Female,Bachelors,Doctor,25,MNC,6374622
39,Female,PhD,Teacher,15,MNC,1977589
50,Female,High School,Teacher,28,Startup,1081192
38,Male,High School,Teacher,14,MNC,821534
50,Female,Bachelors,Teacher,29,Mid-size,1415135
32,Male,PhD,Software Engineer,9,MNC,2354592
29,Female,Masters,Doctor,8,MNC,5009480
45,Female,Masters,Teacher,24,Startup,1385999
22,Male,High School,Data Scientist,0,Startup,786102
44,Female,Bachelors,Accountant,21,Mid-size,2095296
56,Male,High School,Teacher,32,Startup,1106285
52,Male,High School,Data Scientist,30,MNC,2374611
26,Male,Bachelors,Lawyer,4,MNC,2658199
49,Female,High School,Teacher,28,Startup,1081969
46,Female,High School,Data Scientist,25,Mid-size,1902954
57,Female,Masters,Software Engineer,35,MNC,3115580
46,Male,PhD,Teacher,24,Mid-size,2035095
31,Male,Bachelors,Teacher,10,MNC,854955
23,Female,Bachelors,Lawyer,1,Startup,1929491
37,Female,PhD,Data Scientist,13,Startup,2646634
31,Female,PhD,Data Scientist,8,Startup,2380293
30,Female,High School,Data Scientist,9,Startup,1170022
46,Female,PhD,Doctor,24,Startup,8716137
42,Male,Masters,Teacher,19,Startup,1169761
33,Female,High School,Lawyer,12,MNC,3422624
42,Male,PhD,Teacher,20,Mid-size,1935719
28,Female,Masters,Data Scientist,5,Mid-size,1660143
43,Female,Masters,Software Engineer,21,MNC,2203826
48,Male,Bachelors,Data Scientist,26,Mid-size,2454056
45,Female,Bachelors,Data Scientist,21,Mid-size,2870169
54,Female,Bachelors,Data Scientist,30,MNC,3546968
44,Female,High School,Data Scientist,23,Startup,1906050
46,Male,High School,Data Scientist,22,Startup,1674378
37,Male,High School,Doctor,13,Startup,3631487
22,Male,PhD,Lawyer,0,MNC,3265125
55,Female,Bachelors,Lawyer,32,Startup,5539423
48,Male,High School,Lawyer,25,Mid-size,4094935
30,Male,High School,Doctor,6,Mid-size,2906727
33,Male,Masters,Lawyer,12,Startup,4803900
37,Female,Bachelors,Teacher,14,Startup,965198
40,Male,High School,Teacher,19,Mid-size,764250
25,Female,Bachelors,Accountant,1,Startup,750726
47,Female,High School,Doctor,26,MNC,5504555
41,Male,High School,Doctor,20,MNC,6478261
35,Female,PhD,Software Engineer,12,Mid-size,1837453
25,Male,PhD,Teacher,1,MNC,1190692
39,Female,High School,Accountant,16,MNC,1525800
40,Female,Bachelors,Accountant,18,Startup,2176046
59,Female,PhD,Doctor,38,Mid-size,14368829
57,Female,PhD,Accountant,35,MNC,3903921
39,Female,Bachelors,Teacher,16,MNC,983945
32,Female,PhD,Data Scientist,11,Startup,3087816
38,Male,Bachelors,Accountant,16,Mid-size,1925628
48,Female,Masters,Teacher,25,MNC,1737243
32,Female,High School,Accountant,9,Mid-size,1293536
31,Male,Bachelors,Data Scientist,9,Startup,1705926
51,Male,Bachelors,Teacher,29,Startup,1841245
40,Male,PhD,Lawyer,18,Startup,6164487
26,Male,High School,Accountant,5,Mid-size,608803
42,Female,Masters,Accountant,20,MNC,2738549
47,Female,Masters,Doctor,23,MNC,8292784
57,Female,Masters,Teacher,35,Startup,1525000
41,Male,PhD,Data Scientist,17,Startup,3455671
45,Female,Bachelors,Doctor,21,MNC,5595153
35,Male,Masters,Doctor,11,MNC,6105606
52,Female,PhD,Lawyer,30,MNC,10054526
30,Female,Bachelors,Data Scientist,9,Startup,2293373
42,Male,High School,Accountant,18,MNC,1692276
27,Female,High School,Teacher,4,Mid-size,446098
32,Female,PhD,Lawyer,8,Startup,4765159
35,Male,PhD,Lawyer,14,MNC,6733537
26,Female,High School,Teacher,3,Mid-size,455859
40,Female,High School,Data Scientist,17,Startup,1808631
54,Female,High School,Software Engineer,32,MNC,2263923
28,Male,Masters,Data Scientist,6,Mid-size,2443242
55,Female,PhD,Lawyer,31,Mid-size,8152869
43,Female,Bachelors,Accountant,22,Mid-size,1864625
27,Female,High School,Lawyer,5,MNC,2093495
23,Female,Masters,Doctor,1,MNC,4024797
55,Male,Masters,Software Engineer,31,Startup,2920413
43,Male,High School,Lawyer,19,Startup,2985594
31,Male,High School,Doctor,8,Mid-size,2635476
41,Male,PhD,Data Scientist,19,MNC,4473824
43,Male,High School,Accountant,20,MNC,1825614
43,Female,High School,Doctor,19,MNC,5051697
49,Male,High School,Data Scientist,27,MNC,3660004
24,Male,PhD,Accountant,0,Startup,933303
56,Male,PhD,Doctor,34,MNC,11099530
40,Male,Bachelors,Data Scientist,19,Mid-size,2231006
49,Male,High School,Software Engineer,28,Startup,2282311
30,Male,Masters,Doctor,7,Mid-size,4062698
27,Male,High School,Lawyer,3,MNC,1916279
24,Male,PhD,Accountant,1,MNC,1685080
29,Male,High School,Doctor,8,MNC,3875917
58,Female,High School,Software Engineer,34,Startup,1681876
22,Female,High School,Accountant,0,Startup,490970
51,Male,Bachelors,Teacher,30,MNC,1575425
24,Male,PhD,Doctor,3,Startup,3389588
56,Female,PhD,Lawyer,35,Mid-size,7443477
59,Female,High School,Data Scientist,37,Mid-size,2672714
32,Male,Masters,Teacher,10,Mid-size,1076397
42,Female,High School,Doctor,18,Mid-size,4198662
49,Female,Bachelors,Software Engineer,27,MNC,2098624
47,Male,High School,Accountant,25,Startup,1854335
55,Male,Masters,Teacher,34,Mid-size,1859159
32,Male,Bachelors,Teacher,11,MNC,901936
38,Female,Bachelors,Teacher,17,Mid-size,1017580
48,Female,Masters,Software Engineer,25,MNC,2360096
49,Male,Masters,Data Scientist,26,MNC,4087511
22,Female,Bachelors,Lawyer,0,Startup,1765623
59,Female,Masters,Software Engineer,36,Mid-size,2466707
35,Female,PhD,Lawyer,11,MNC,6041920
56,Female,Masters,Doctor,32,MNC,10273072
54,Male,High School,Accountant,32,MNC,3000599
48,Male,PhD,Accountant,26,MNC,3085562
57,Male,Bachelors,Teacher,36,Mid-size,1527706
51,Female,Bachelors,Lawyer,28,MNC,5148008
46,Male,Masters,Accountant,22,MNC,3020092
44,Female,Masters,Software Engineer,22,MNC,2512578
24,Male,Masters,Data Scientist,2,Startup,1628947
28,Female,Masters,Lawyer,6,Startup,2770499
40,Male,PhD,Doctor,17,MNC,8862820
57,Female,Masters,Software Engineer,33,Mid-size,2454465
35,Female,PhD,Teacher,12,MNC,1857681
25,Male,PhD,Software Engineer,1,MNC,1693334
43,Male,High School,Software Engineer,22,Startup,1669560
51,Female,PhD,Software Engineer,27,Startup,3368861
26,Male,Masters,Teacher,2,Startup,714275
54,Female,High School,Teacher,33,Startup,1363091
45,Male,Bachelors,Accountant,21,Mid-size,2590912
33,Female,PhD,Data Scientist,11,Mid-size,2940525
40,Female,High School,Lawyer,18,Startup,2709103
42,Male,High School,Software Engineer,19,MNC,1588412
25,Female,Bachelors,Accountant,2,Mid-size,888728
43,Male,Masters,Teacher,19,MNC,1650622
23,Female,Masters,Accountant,0,MNC,1348431
22,Male,PhD,Software Engineer,0,Startup,986759
46,Female,High School,Doctor,24,MNC,4255583
47,Female,High School,Software Engineer,24,MNC,1525611
22,Male,PhD,Accountant,1,MNC,1399596
35,Female,Masters,Teacher,12,Startup,582849
34,Male,High School,Lawyer,13,Startup,2354650
42,Male,High School,Accountant,21,MNC,2465179
30,Female,Masters,Accountant,6,MNC,1518879
45,Female,PhD,Lawyer,24,Startup,5535046
34,Male,Bachelors,Teacher,10,Mid-size,732846
22,Female,PhD,Doctor,0,MNC,3549309
29,Male,PhD,Teacher,8,MNC,1691072
54,Male,Bachelors,Accountant,33,Startup,2997259
44,Male,High School,Data Scientist,22,Mid-size,2458671
23,Male,Bachelors,Teacher,0,Mid-size,373331
39,Male,Masters,Lawyer,18,MNC,5017072
41,Female,Bachelors,Software Engineer,20,Startup,1659457
50,Female,Masters,Doctor,29,Startup,9023961
34,Female,Bachelors,Software Engineer,12,Mid-size,1156384
30,Male,PhD,Teacher,9,Mid-size,1174934
27,Female,High School,Accountant,4,MNC,1166530
24,Male,Masters,Teacher,0,MNC,868183
22,Female,High School,Software Engineer,0,MNC,674566
42,Male,Bachelors,Teacher,20,Mid-size,1064929
44,Female,High School,Lawyer,20,Mid-size,3427379
39,Female,Bachelors,Accountant,15,Startup,1415772
59,Female,PhD,Lawyer,37,Mid-size,8926798
53,Female,Bachelors,Software Engineer,30,Mid-size,1908392
44,Male,Masters,Accountant,20,MNC,2720005
54,Female,Masters,Data Scientist,30,Startup,2879968
58,Female,PhD,Accountant,35,MNC,4544515
50,Male,High School,Data Scientist,28,MNC,3478445
52,Male,PhD,Software Engineer,29,Mid-size,2768575
59,Female,High School,Data Scientist,35,Mid-size,2744435
33,Female,High School,Lawyer,11,Startup,2896291
26,Male,Bachelors,Accountant,4,MNC,1240346
32,Female,High School,Data Scientist,11,Mid-size,1373114
48,Female,Bachelors,Teacher,26,MNC,1238968
36,Male,Bachelors,Lawyer,15,Startup,3748119
58,Male,Masters,Doctor,36,MNC,8601047
27,Male,Masters,Teacher,3,Startup,648697
50,Male,PhD,Data Scientist,29,MNC,5839706
38,Female,High School,Doctor,17,MNC,4784903
34,Male,PhD,Data Scientist,12,MNC,3389356
44,Female,Masters,Lawyer,21,MNC,5770509
42,Female,PhD,Accountant,20,MNC,3597978
32,Male,Bachelors,Software Engineer,9,Startup,955517
45,Female,Bachelors,Data Scientist,24,MNC,3087168
32,Male,High School,Lawyer,8,MNC,2938928
45,Male,Masters,Teacher,23,MNC,1783603
29,Female,Masters,Software Engineer,5,MNC,1462485
40,Male,Masters,Software Engineer,17,Startup,2224959
33,Female,Bachelors,Data Scientist,11,Mid-size,1730897
49,Female,Masters,Lawyer,28,Startup,5606929
33,Male,PhD,Lawyer,11,Startup,4313875
53,Female,High School,Software Engineer,31,Mid-size,1673161
59,Female,Masters,Lawyer,36,Mid-size,6465018
36,Male,High School,Teacher,13,Mid-size,835521
38,Male,High School,Teacher,15,MNC,994672
49,Male,PhD,Data Scientist,26,Startup,6615942
28,Female,Bachelors,Lawyer,7,Startup,2589238
29,Male,PhD,Accountant,5,Mid-size,1589697
59,Female,Masters,Accountant,36,MNC,2736353
52,Female,PhD,Doctor,29,Mid-size,9998113
50,Male,PhD,Teacher,28,Startup,2719950
42,Male,Bachelors,Data Scientist,18,MNC,3024683
56,Female,Bachelors,Lawyer,32,MNC,6711063
56,Male,Masters,Data Scientist,33,Mid-size,3855590
58,Female,High School,Data Scientist,37,Startup,2868743
56,Female,Bachelors,Teacher,34,Mid-size,1303343
55,Female,PhD,Doctor,33,MNC,12539969
52,Female,High School,Software Engineer,30,Mid-size,1330374
35,Male,PhD,Lawyer,11,Mid-size,5773108
40,Female,Masters,Accountant,17,Mid-size,2217195
38,Male,Masters,Lawyer,15,Startup,4220920
59,Male,Bachelors,Data Scientist,35,Mid-size,3296139
52,Female,Masters,Data Scientist,28,Mid-size,3737436
44,Male,High School,Software Engineer,22,Mid-size,1264492
50,Female,High School,Lawyer,27,Startup,2832576
51,Male,Bachelors,Accountant,30,Mid-size,2505516
52,Female,Bachelors,Data Scientist,31,Mid-size,3288568
31,Male,High School,Software Engineer,9,Startup,1077431
41,Male,Masters,Accountant,17,MNC,2687699
45,Female,PhD,Software Engineer,22,MNC,4228503
34,Female,PhD,Teacher,11,MNC,1597895
52,Female,Bachelors,Accountant,30,Startup,2177159
36,Female,PhD,Lawyer,15,MNC,6492012
47,Male,Masters,Lawyer,25,Startup,5766638
44,Male,High School,Doctor,20,Startup,4515806
50,Female,PhD,Doctor,26,MNC,10643480
40,Female,High School,Software Engineer,19,Startup,1231704
57,Female,Bachelors,Accountant,35,Mid-size,2797876
27,Male,Bachelors,Data Scientist,3,Mid-size,1401452
38,Female,PhD,Doctor,16,Mid-size,7062289
48,Male,Masters,Data Scientist,27,Mid-size,3333056
34,Male,PhD,Software Engineer,13,MNC,2623431
51,Male,High School,Software Engineer,30,Startup,1681947
33,Female,Bachelors,Doctor,12,Mid-size,3873898
49,Male,Bachelors,Teacher,25,Mid-size,893457
39,Female,PhD,Teacher,15,Mid-size,1152412
28,Female,Masters,Software Engineer,7,Startup,1087837
57,Male,PhD,Data Scientist,34,Startup,5468507
59,Female,Bachelors,Lawyer,36,Mid-size,6630866
57,Female,High School,Teacher,36,MNC,1457004
57,Male,High School,Data Scientist,35,MNC,3252833
22,Male,High School,Doctor,0,MNC,2629518
31,Female,High School,Data Scientist,10,MNC,1605422
34,Male,High School,Teacher,13,Mid-size,724196
56,Male,Bachelors,Accountant,35,Mid-size,2906293
33,Female,Masters,Software Engineer,11,MNC,1600336
46,Male,PhD,Teacher,22,Mid-size,1755685
22,Male,Masters,Doctor,0,Startup,1873091
38,Male,Masters,Software Engineer,14,MNC,1950130
51,Female,PhD,Teacher,30,Startup,1899410
53,Female,Masters,Software Engineer,29,Mid-size,2275182
28,Male,High School,Software Engineer,4,Startup,925220
37,Male,Masters,Lawyer,14,Mid-size,5111081
57,Male,High School,Software Engineer,34,Mid-size,2235139
29,Female,Bachelors,Lawyer,8,MNC,3192321
43,Male,PhD,Software Engineer,20,Mid-size,2541268
50,Female,Masters,Lawyer,28,Startup,6446632
44,Male,High School,Lawyer,20,Startup,3386708
36,Male,Masters,Doctor,12,Startup,4675708
47,Male,Bachelors,Data Scientist,23,MNC,3408211
46,Female,Bachelors,Lawyer,24,Startup,3266258
34,Male,Bachelors,Teacher,13,MNC,1114920
52,Male,Bachelors,Data Scientist,28,MNC,3983279
59,Female,High School,Software Engineer,35,MNC,2521651
52,Female,High School,Accountant,31,Startup,2467135
26,Male,PhD,Accountant,2,Mid-size,1816483
54,Male,PhD,Software Engineer,32,Startup,3730235
53,Male,Bachelors,Teacher,32,Mid-size,1535631
39,Female,Masters,Lawyer,17,Mid-size,4429111
51,Male,PhD,Data Scientist,28,Startup,4102250
54,Male,Masters,Accountant,33,Startup,3099835
27,Female,Bachelors,Lawyer,6,Startup,2520895
32,Female,High School,Software Engineer,11,Startup,1065361
59,Female,High School,Accountant,37,Startup,2488845
55,Male,Masters,Teacher,34,Mid-size,1930922
23,Female,Bachelors,Lawyer,1,Startup,1591672
29,Female,High School,Lawyer,7,MNC,2524586
22,Male,Bachelors,Teacher,0,MNC,603303
45,Female,High School,Software Engineer,23,MNC,1881744
30,Male,PhD,Data Scientist,9,MNC,3343702
23,Male,Bachelors,Doctor,0,Startup,2128870
58,Male,High School,Doctor,35,Mid-size,5892496
34,Female,PhD,Teacher,13,Mid-size,1242531
48,Female,Masters,Accountant,26,Startup,2609406
41,Male,PhD,Lawyer,17,MNC,7457498
48,Female,High School,Accountant,26,Startup,1887923
50,Male,High School,Software Engineer,26,MNC,1975891
22,Male,High School,Accountant,0,Mid-size,764198
26,Male,High School,Teacher,4,MNC,608538
25,Male,Bachelors,Accountant,4,MNC,1554828
42,Female,PhD,Software Engineer,19,Mid-size,2431700
28,Male,PhD,Data Scientist,5,Mid-size,2372161
44,Male,Masters,Lawyer,22,Mid-size,5765459
50,Male,Bachelors,Accountant,26,Mid-size,1954775
49,Female,Masters,Data Scientist,27,Startup,3604614
24,Female,PhD,Lawyer,1,MNC,3840401
57,Female,PhD,Doctor,35,Mid-size,12778105
25,Female,High School,Doctor,2,MNC,2522195
44,Male,Bachelors,Data Scientist,23,MNC,2459760
58,Female,Bachelors,Accountant,37,MNC,2733480
24,Female,Bachelors,Software Engineer,0,MNC,972085
26,Female,High School,Doctor,5,MNC,2564474
58,Male,Bachelors,Doctor,37,Mid-size,6994593
57,Male,Masters,Lawyer,34,Startup,6995575
42,Male,Masters,Teacher,18,Startup,1161940
52,Female,Masters,Doctor,30,Startup,7350984
30,Female,Bachelors,Teacher,9,Mid-size,641764
46,Female,Masters,Teacher,23,MNC,1641954
22,Female,Bachelors,Accountant,0,Startup,467426
45,Female,Bachelors,Doctor,23,Startup,7223901
27,Male,High School,Teacher,6,MNC,701874
55,Male,Bachelors,Lawyer,32,MNC,5994325
24,Male,Bachelors,Lawyer,3,MNC,3031961
22,Female,PhD,Data Scientist,1,Startup,1282858
53,Male,Masters,Lawyer,29,Startup,6301436
40,Male,Masters,Teacher,17,Startup,902630
50,Male,PhD,Accountant,27,Mid-size,4410370
40,Female,High School,Doctor,19,Startup,5196213
27,Female,High School,Doctor,3,Mid-size,2176316
56,Female,High School,Doctor,33,MNC,6330059
31,Female,Masters,Data Scientist,10,Mid-size,1830068
44,Male,PhD,Software Engineer,22,Mid-size,3066128
58,Male,Bachelors,Teacher,34,Mid-size,1357229
24,Male,Bachelors,Lawyer,2,MNC,2365634
32,Female,PhD,Data Scientist,11,MNC,3040736
54,Male,Masters,Teacher,33,Mid-size,1997346
54,Female,High School,Doctor,32,Mid-size,5143211
43,Male,Bachelors,Software Engineer,22,Mid-size,1747224
41,Female,High School,Accountant,19,Mid-size,1430365
44,Female,High School,Doctor,21,Mid-size,4982738
41,Male,Masters,Doctor,20,Startup,6902222
29,Female,Masters,Doctor,7,MNC,4917427
23,Female,High School,Doctor,1,Startup,1937340
26,Female,High School,Accountant,4,MNC,1126878
48,Female,Bachelors,Data Scientist,27,Startup,2030398
31,Male,Bachelors,Lawyer,9,Startup,2103353
45,Male,Masters,Data Scientist,23,Startup,2941872
48,Male,Bachelors,Doctor,27,Startup,7764620
40,Female,Bachelors,Software Engineer,16,MNC,1536319
55,Female,PhD,Software Engineer,33,Startup,4409385
27,Male,Bachelors,Teacher,6,Startup,520598
23,Female,Masters,Software Engineer,2,MNC,1129895
43,Female,High School,Doctor,20,Mid-size,4249540
43,Male,Bachelors,Doctor,19,Startup,6914503
49,Female,High School,Accountant,28,MNC,2087726
30,Male,High School,Lawyer,6,Mid-size,2426244
53,Male,PhD,Lawyer,29,Mid-size,7537215
31,Male,Masters,Lawyer,9,Mid-size,3709412
42,Male,Masters,Data Scientist,19,MNC,3622174
25,Male,Masters,Data Scientist,4,Mid-size,1521726
40,Male,PhD,Lawyer,16,MNC,6046119
41,Female,Masters,Doctor,20,MNC,8070318
54,Female,Masters,Doctor,33,MNC,10790852
24,Female,Bachelors,Accountant,2,Startup,1169465
39,Female,Bachelors,Accountant,17,Mid-size,1802311
34,Female,Masters,Teacher,10,Mid-size,818394
22,Female,Masters,Doctor,0,MNC,4031240
38,Male,Bachelors,Software Engineer,17,Mid-size,1468868
49,Female,High School,Accountant,28,Startup,1997877
42,Male,High School,Software Engineer,20,MNC,1599288
59,Female,PhD,Teacher,37,Mid-size,2831098
58,Female,High School,Accountant,35,MNC,1994449
34,Male,Masters,Doctor,10,Startup,4187133
45,Male,Masters,Software Engineer,21,MNC,2157685
24,Female,Bachelors,Teacher,2,Startup,469183
59,Male,PhD,Lawyer,37,Mid-size,8708700
31,Male,Bachelors,Accountant,7,Mid-size,1335522
41,Male,Bachelors,Software Engineer,18,MNC,1733129
25,Female,Masters,Lawyer,1,Mid-size,1899102
44,Male,PhD,Data Scientist,23,Startup,2964074
45,Female,Bachelors,Data Scientist,24,Mid-size,2688332
53,Male,Masters,Software Engineer,32,Startup,1879700
37,Female,Bachelors,Doctor,16,Startup,4954171
27,Male,Masters,Lawyer,4,Mid-size,3005178
26,Male,Bachelors,Accountant,4,MNC,1387538
37,Male,Bachelors,Accountant,14,MNC,1907712
30,Female,Bachelors,Software Engineer,9,Startup,638926
53,Female,Bachelors,Teacher,31,MNC,1225950
38,Male,Masters,Doctor,15,MNC,8070857
43,Female,Bachelors,Doctor,21,Startup,4192595
57,Male,High School,Lawyer,35,Startup,6617245
35,Female,Bachelors,Accountant,12,Startup,1315503
40,Male,PhD,Teacher,18,MNC,2516546
54,Male,PhD,Lawyer,32,Mid-size,9633126
22,Female,PhD,Software Engineer,1,MNC,1291263
22,Female,Bachelors,Software Engineer,0,Startup,759722
50,Female,Bachelors,Software Engineer,27,Mid-size,1753476
28,Male,Masters,Doctor,7,Mid-size,4338611
28,Male,Bachelors,Data Scientist,6,Mid-size,1358997
38,Male,Masters,Data Scientist,15,Startup,2352541
36,Female,Masters,Data Scientist,15,Startup,3268184
37,Male,Bachelors,Accountant,16,Startup,2159852
22,Male,Bachelors,Doctor,1,Mid-size,2789173
28,Female,Bachelors,Software Engineer,6,Mid-size,1038058
36,Female,Masters,Doctor,13,MNC,5957623
39,Male,Masters,Data Scientist,16,Startup,2135837
29,Female,Bachelors,Data Scientist,7,Startup,1202424
57,Male,High School,Teacher,34,Mid-size,1158929
39,Male,PhD,Teacher,17,Mid-size,1640957
41,Male,High School,Data Scientist,17,Mid-size,1733371
35,Male,Bachelors,Teacher,11,MNC,1146157
25,Male,PhD,Data Scientist,2,Startup,1655752
52,Female,Bachelors,Teacher,29,MNC,1650800
23,Male,High School,Software Engineer,1,Mid-size,689215
52,Male,Masters,Accountant,28,Mid-size,2664831
30,Male,Masters,Software Engineer,8,Startup,2005679
53,Female,Bachelors,Teacher,31,MNC,1521794
28,Female,Bachelors,Software Engineer,4,Mid-size,879671
50,Female,Bachelors,Lawyer,28,MNC,5955390
24,Female,PhD,Lawyer,3,Mid-size,3603398
58,Male,Bachelors,Lawyer,37,MNC,7209201
34,Male,Masters,Doctor,11,Mid-size,4457961
23,Male,Masters,Lawyer,1,Startup,2439319
32,Male,Bachelors,Teacher,9,Mid-size,970785
33,Male,PhD,Software Engineer,10,Startup,2280140
53,Male,Bachelors,Accountant,32,Startup,2590429
24,Male,Masters,Software Engineer,2,Mid-size,1038002
51,Male,Masters,Doctor,30,MNC,11311449
34,Male,Bachelors,Doctor,11,Mid-size,4070223
36,Female,Bachelors,Data Scientist,13,Mid-size,2119802
27,Female,High School,Software Engineer,3,Startup,597581
33,Female,Bachelors,Lawyer,12,MNC,3582082
43,Female,High School,Accountant,21,Mid-size,1541082
36,Male,PhD,Accountant,15,MNC,3440591
27,Male,PhD,Doctor,6,Mid-size,5458120
34,Male,Bachelors,Software Engineer,12,Startup,1284170
54,Female,Masters,Data Scientist,32,Mid-size,3709084
37,Male,Masters,Lawyer,16,Mid-size,4417758
32,Female,PhD,Lawyer,9,MNC,5773741
51,Male,Bachelors,Doctor,28,Mid-size,6271257
43,Female,High School,Accountant,21,MNC,1918110
36,Female,Bachelors,Accountant,12,MNC,2154344
37,Male,PhD,Teacher,16,MNC,2099832
46,Female,PhD,Accountant,22,Mid-size,3193200
46,Female,PhD,Accountant,22,Startup,3644790
32,Female,Masters,Accountant,10,Startup,1638078
26,Female,Bachelors,Software Engineer,3,MNC,704449
41,Female,Masters,Lawyer,19,Mid-size,4493610
32,Female,Bachelors,Software Engineer,11,Mid-size,1399847
39,Female,High School,Doctor,15,Mid-size,3965712
46,Female,Masters,Lawyer,25,Mid-size,4967267
22,Male,Masters,Lawyer,0,MNC,3000099
33,Female,Masters,Lawyer,11,Mid-size,3693659
50,Female,Masters,Teacher,28,Startup,1866713
36,Male,Bachelors,Doctor,12,Mid-size,4491635
59,Female,Masters,Software Engineer,36,Mid-size,2798187
34,Male,Masters,Accountant,13,Startup,2266962
23,Female,Masters,Teacher,0,MNC,668193
43,Female,Masters,Lawyer,19,MNC,5225030
51,Male,Masters,Doctor,30,Startup,9823910
37,Male,Masters,Lawyer,15,Startup,3771054
48,Male,Masters,Lawyer,27,Mid-size,6083454
30,Male,PhD,Lawyer,7,Startup,3627925
38,Female,Bachelors,Doctor,15,MNC,6595532
36,Female,Bachelors,Teacher,13,Mid-size,853953
33,Male,PhD,Data Scientist,12,Startup,3543289
50,Female,Bachelors,Software Engineer,27,Mid-size,2052082
28,Female,PhD,Teacher,4,Startup,728401
59,Female,High School,Accountant,35,Mid-size,1798755
32,Female,High School,Lawyer,10,Mid-size,2261832
31,Male,Masters,Doctor,8,Startup,3042971
34,Male,High School,Lawyer,10,MNC,2987179
59,Male,PhD,Doctor,36,MNC,18062654
26,Male,High School,Data Scientist,2,MNC,1547109
45,Female,Bachelors,Doctor,22,Startup,5934141
52,Female,High School,Doctor,29,Mid-size,5188203
55,Male,Bachelors,Accountant,34,MNC,2779465
39,Male,Masters,Lawyer,16,Startup,4054886
53,Female,High School,Data Scientist,32,Startup,1850915
30,Female,Bachelors,Data Scientist,7,Mid-size,1754731
28,Female,High School,Accountant,7,Mid-size,1029614
25,Male,PhD,Doctor,2,Mid-size,4520627
34,Female,Masters,Accountant,13,MNC,2673626
47,Male,Masters,Lawyer,25,Mid-size,5626882
29,Female,Bachelors,Accountant,8,Startup,1170930
59,Male,Bachelors,Doctor,35,Startup,6473879
49,Female,Masters,Lawyer,26,Startup,5583661
43,Male,Masters,Data Scientist,19,Startup,2463362
35,Male,Masters,Data Scientist,11,Startup,2308508
33,Female,High School,Lawyer,12,Startup,3072251
26,Female,Masters,Teacher,4,MNC,710636
41,Female,PhD,Doctor,18,Mid-size,8942826
41,Male,PhD,Data Scientist,17,Startup,3439148
54,Female,Masters,Teacher,33,MNC,1925877
29,Male,PhD,Teacher,7,Startup,1278294
34,Female,Bachelors,Software Engineer,11,Startup,1539071
39,Female,High School,Accountant,16,MNC,1742170
51,Male,Bachelors,Teacher,29,Mid-size,1181430
40,Male,PhD,Doctor,16,Startup,8894611
52,Male,PhD,Data Scientist,31,MNC,6614076
22,Female,High School,Doctor,0,MNC,2179133
30,Female,High School,Data Scientist,6,MNC,1283878
29,Male,Bachelors,Lawyer,6,MNC,2667130
32,Male,Masters,Teacher,9,Mid-size,897112
53,Male,Bachelors,Lawyer,31,Mid-size,6571596
44,Female,Bachelors,Doctor,20,Mid-size,4973730
58,Male,High School,Software Engineer,37,Mid-size,2193063
56,Male,High School,Doctor,33,MNC,7048445
23,Male,Bachelors,Data Scientist,0,MNC,1302319
38,Male,High School,Lawyer,16,Mid-size,3085096
23,Female,PhD,Doctor,1,Mid-size,4216593
57,Female,High School,Doctor,35,MNC,7270290
38,Female,PhD,Teacher,17,Startup,1086967
40,Male,Masters,Lawyer,18,Mid-size,4317597
49,Male,Masters,Data Scientist,28,Startup,3806973
45,Male,PhD,Software Engineer,21,Startup,2100547
48,Male,High School,Accountant,27,Startup,1850763
52,Male,High School,Data Scientist,28,MNC,2254773
55,Male,PhD,Lawyer,32,Mid-size,7263192
30,Male,Masters,Accountant,8,MNC,1913235
40,Female,High School,Accountant,17,Mid-size,1254651
48,Male,Bachelors,Doctor,24,MNC,8333918
47,Male,PhD,Software Engineer,24,MNC,3563728
41,Female,PhD,Accountant,17,MNC,3376951
22,Male,Bachelors,Doctor,0,Startup,1960058
42,Female,Bachelors,Software Engineer,21,Startup,1707425
42,Female,Bachelors,Accountant,20,Startup,1540257
36,Female,High School,Doctor,14,MNC,3627805
46,Female,High School,Software Engineer,25,Startup,1181809
27,Male,High School,Teacher,6,Mid-size,531185
42,Female,High School,Accountant,18,Startup,1547515
24,Male,Masters,Software Engineer,0,Mid-size,746275
29,Female,Masters,Data Scientist,6,Mid-size,1685322
58,Female,Bachelors,Lawyer,34,Mid-size,5005434
26,Male,Masters,Lawyer,5,Mid-size,3031495
51,Female,Bachelors,Teacher,28,Startup,1099686
47,Male,Masters,Accountant,26,Mid-size,2596419
49,Female,High School,Data Scientist,27,Startup,2157481
55,Female,PhD,Accountant,32,Startup,3044832
58,Male,Masters,Accountant,35,Startup,2789798
42,Female,High School,Lawyer,19,Mid-size,3437631
37,Female,Bachelors,Lawyer,13,Mid-size,3041735
59,Male,High School,Software Engineer,38,Startup,2121784
56,Male,PhD,Accountant,34,Startup,3955374
36,Female,PhD,Software Engineer,14,MNC,2777082
52,Female,PhD,Teacher,31,Startup,2044854
44,Male,Masters,Data Scientist,23,Startup,3574101
47,Female,PhD,Software Engineer,23,MNC,2942576
39,Female,High School,Doctor,15,MNC,4874815
34,Female,Masters,Software Engineer,11,Mid-size,1323066
40,Female,High School,Data Scientist,17,MNC,2189823
38,Male,Masters,Accountant,15,MNC,1959913
53,Female,PhD,Teacher,31,Startup,2403661
38,Female,Masters,Accountant,15,MNC,2165807
53,Female,PhD,Doctor,29,Mid-size,10345752
35,Female,Bachelors,Lawyer,14,Mid-size,3029548
25,Female,PhD,Data Scientist,1,Startup,1660478
25,Male,PhD,Software Engineer,4,MNC,1520922
23,Female,High School,Lawyer,0,MNC,1583007
36,Female,PhD,Accountant,13,MNC,2431952
23,Female,Masters,Data Scientist,0,Mid-size,1197514
37,Male,High School,Software Engineer,14,MNC,1231230
26,Male,High School,Accountant,5,Startup,988678
44,Female,High School,Data Scientist,23,Startup,1862935
50,Female,PhD,Teacher,27,MNC,2110659
36,Male,Masters,Teacher,12,MNC,1191196
31,Female,High School,Data Scientist,7,Mid-size,1203699
24,Female,PhD,Lawyer,2,Startup,2946220
40,Female,PhD,Lawyer,19,MNC,7624855
56,Male,Bachelors,Data Scientist,34,Mid-size,3040695
32,Female,Masters,Data Scientist,11,Mid-size,2551258
54,Male,Masters,Lawyer,32,Mid-size,5942131
26,Female,Masters,Lawyer,3,Startup,2590853
46,Male,High School,Accountant,22,Startup,1493357
46,Female,High School,Lawyer,24,MNC,3935795
46,Female,Masters,Doctor,24,Startup,5857455
31,Male,PhD,Lawyer,8,MNC,5189932
43,Female,High School,Software Engineer,22,Startup,1009261
23,Male,Bachelors,Accountant,0,Startup,634254
39,Male,Masters,Doctor,16,Mid-size,5658530
27,Female,High School,Lawyer,6,Mid-size,2060533
33,Male,Masters,Lawyer,9,Startup,3616893
23,Female,PhD,Teacher,1,MNC,902416
29,Male,Masters,Software Engineer,6,Mid-size,1090871
33,Male,Masters,Accountant,12,MNC,2309936
38,Male,Bachelors,Data Scientist,14,Startup,1912509
47,Male,PhD,Doctor,23,MNC,11658256
44,Male,PhD,Teacher,20,Startup,1819831
58,Female,Masters,Lawyer,37,MNC,6612880
40,Male,PhD,Software Engineer,19,MNC,3354051
48,Male,PhD,Teacher,25,MNC,2342376
27,Male,PhD,Data Scientist,4,Startup,1338116
37,Female,Masters,Software Engineer,15,MNC,1898248
34,Male,High School,Accountant,11,Mid-size,1169710
43,Female,Bachelors,Doctor,19,Startup,5139755
40,Male,Bachelors,Software Engineer,18,Startup,1538971
41,Female,PhD,Lawyer,20,MNC,7304569
26,Female,PhD,Software Engineer,2,Startup,1496528
43,Female,High School,Doctor,21,MNC,4901516
52,Male,High School,Lawyer,29,MNC,4822485
42,Female,Masters,Data Scientist,21,MNC,3937963
31,Female,Bachelors,Lawyer,9,Startup,3750108
53,Female,High School,Teacher,29,Mid-size,1038706
52,Male,Masters,Lawyer,29,MNC,6912725
42,Male,Bachelors,Accountant,18,Mid-size,2324970
33,Male,High School,Accountant,10,MNC,875826
53,Male,Bachelors,Teacher,32,Startup,1827293
28,Male,Masters,Doctor,6,Mid-size,5170998
40,Male,High School,Teacher,18,Mid-size,788354
32,Male,Bachelors,Doctor,11,MNC,5093462
54,Female,Bachelors,Doctor,33,MNC,10102381
58,Female,PhD,Data Scientist,36,MNC,5912841
41,Female,Bachelors,Doctor,19,Mid-size,3950276
23,Male,High School,Data Scientist,0,Mid-size,702681
30,Female,PhD,Teacher,8,Mid-size,1078511
41,Male,Bachelors,Data Scientist,18,Startup,2339558
57,Female,Bachelors,Lawyer,33,Mid-size,5841662
35,Male,High School,Lawyer,13,MNC,4087963
45,Female,Masters,Teacher,24,MNC,1717338
33,Male,High School,Software Engineer,11,MNC,1127939
57,Male,Masters,Teacher,35,Startup,2449059
57,Male,PhD,Lawyer,33,Mid-size,10201646
57,Male,High School,Doctor,33,Mid-size,6075208
53,Female,High School,Data Scientist,32,Mid-size,2216636
25,Female,Bachelors,Software Engineer,4,MNC,1306986
52,Male,Masters,Software Engineer,30,Startup,2433488
44,Male,PhD,Software Engineer,22,MNC,2267908
26,Male,Masters,Accountant,5,MNC,1787546
35,Male,High School,Doctor,12,Startup,3028804
44,Male,Bachelors,Lawyer,20,Mid-size,5426159
27,Male,Bachelors,Data Scientist,4,MNC,1657431
26,Female,High School,Doctor,2,Mid-size,1791860
22,Female,Bachelors,Accountant,0,Mid-size,783504
37,Male,PhD,Lawyer,14,Startup,5977336
22,Male,Bachelors,Teacher,1,MNC,664067
29,Male,PhD,Teacher,8,Startup,1151957
56,Male,Bachelors,Data Scientist,35,Startup,4702394
41,Male,High School,Data Scientist,20,MNC,2655674
40,Male,Masters,Accountant,18,Startup,2184534
34,Male,Bachelors,Lawyer,10,Startup,2939494
43,Female,PhD,Teacher,20,Startup,1559381
47,Female,Bachelors,Accountant,23,MNC,2035927
34,Male,PhD,Software Engineer,10,Startup,2367829
33,Male,High School,Lawyer,10,Mid-size,2271243
47,Male,PhD,Doctor,25,Startup,12931072
59,Female,High School,Data Scientist,38,Mid-size,2991448
29,Male,Masters,Software Engineer,6,Startup,1222964
58,Male,Masters,Software Engineer,36,Startup,3032938
34,Female,PhD,Data Scientist,13,Startup,3053342
25,Female,High School,Software Engineer,2,Mid-size,676920
32,Male,Masters,Doctor,8,Mid-size,4049070
47,Male,High School,Lawyer,26,Startup,3550854
57,Male,PhD,Doctor,35,MNC,13678408
38,Female,PhD,Software Engineer,15,MNC,2212601
50,Male,Masters,Data Scientist,29,Mid-size,2910810
59,Male,Masters,Teacher,35,Startup,1997576
31,Female,PhD,Teacher,9,Mid-size,979161
59,Female,High School,Software Engineer,36,Startup,1519051
55,Male,Bachelors,Data Scientist,31,MNC,3977830
47,Female,High School,Teacher,23,MNC,1324047
30,Male,High School,Software Engineer,9,Mid-size,915849
40,Male,High School,Data Scientist,16,MNC,2060788
48,Male,Bachelors,Teacher,24,Startup,1277686
50,Female,Bachelors,Accountant,26,Mid-size,2278539
52,Male,High School,Teacher,28,Startup,1422265
47,Female,Masters,Accountant,23,Mid-size,2596606
51,Female,Masters,Teacher,29,Mid-size,1668845
51,Male,Bachelors,Accountant,27,MNC,2909929
28,Female,Masters,Accountant,7,Mid-size,1080828
52,Female,Masters,Accountant,30,Mid-size,2952328
54,Female,Masters,Software Engineer,32,Mid-size,2315112
36,Male,High School,Lawyer,14,MNC,3617285
39,Male,High School,Software Engineer,16,MNC,1210889
59,Male,PhD,Data Scientist,38,MNC,6051612
39,Female,PhD,Teacher,15,Mid-size,1441036
43,Male,Bachelors,Teacher,21,MNC,1533200
46,Male,Masters,Software Engineer,23,MNC,2827953
37,Male,High School,Data Scientist,14,Mid-size,2008110
49,Male,Bachelors,Data Scientist,26,Startup,4006048
43,Female,PhD,Lawyer,19,MNC,7891958
53,Male,High School,Software Engineer,30,Mid-size,1540059
36,Male,PhD,Accountant,13,Mid-size,2291257
40,Female,Masters,Doctor,18,Startup,4812541
27,Male,High School,Doctor,3,Mid-size,1795688
40,Male,Masters,Software Engineer,17,Mid-size,1844833
41,Female,High School,Software Engineer,18,MNC,1380889
29,Male,Bachelors,Doctor,6,Mid-size,3436883
30,Female,High School,Software Engineer,6,MNC,880934
28,Male,Masters,Data Scientist,5,MNC,2272606
43,Female,Bachelors,Software Engineer,19,MNC,1847728
31,Male,PhD,Data Scientist,8,MNC,3729312
46,Female,High School,Lawyer,24,MNC,4122892
47,Male,Bachelors,Doctor,25,Mid-size,5806878
44,Female,Masters,Teacher,21,Startup,1640266
46,Female,Masters,Teacher,24,Mid-size,1282555
49,Female,High School,Data Scientist,26,Startup,2378653
30,Male,Masters,Software Engineer,6,MNC,1806624
25,Male,Masters,Lawyer,3,MNC,3349664
45,Female,PhD,Lawyer,21,MNC,6933242
26,Male,High School,Software Engineer,5,MNC,891706
39,Male,Masters,Lawyer,17,Startup,3990415
33,Female,PhD,Accountant,10,MNC,2493338
32,Male,Masters,Lawyer,9,Mid-size,3490615
45,Female,PhD,Data Scientist,24,Mid-size,4789367
43,Male,Masters,Software Engineer,20,Startup,1949080
54,Female,Masters,Doctor,31,MNC,9507859
58,Male,PhD,Doctor,36,Startup,14257280
37,Female,Bachelors,Software Engineer,15,Mid-size,1041768
43,Female,PhD,Data Scientist,19,MNC,4918706
29,Female,Bachelors,Lawyer,5,MNC,3300331
47,Male,PhD,Software Engineer,23,Startup,2475778
27,Female,PhD,Accountant,4,MNC,1877944
44,Male,Masters,Accountant,20,Startup,2237128
44,Male,PhD,Lawyer,21,Mid-size,5909203
44,Male,Masters,Doctor,21,Mid-size,6520037
28,Male,PhD,Data Scientist,6,Startup,2438759
48,Female,Bachelors,Lawyer,27,Mid-size,5231060
42,Male,PhD,Teacher,20,Mid-size,1669880
44,Female,High School,Lawyer,20,Mid-size,2573231
38,Female,High School,Teacher,14,MNC,783713
27,Male,High School,Lawyer,4,Startup,1774087
32,Male,High School,Teacher,10,MNC,754941
40,Female,Bachelors,Data Scientist,18,Mid-size,2416916
45,Female,High School,Doctor,24,Startup,4486656
46,Male,PhD,Teacher,25,Mid-size,1891510
55,Male,Bachelors,Teacher,34,Startup,1493636
44,Female,Masters,Data Scientist,21,MNC,3528840
30,Female,Masters,Lawyer,9,Startup,2688259
37,Female,Masters,Software Engineer,13,Mid-size,1672413
46,Female,Masters,Data Scientist,25,Mid-size,4045028
27,Male,High School,Accountant,3,MNC,1014093
52,Female,PhD,Accountant,30,Mid-size,4229728
39,Female,High School,Accountant,15,MNC,1625374
30,Male,Masters,Accountant,9,Mid-size,1769058
41,Male,High School,Accountant,18,Mid-size,1725103
34,Male,Masters,Doctor,10,MNC,5700589
30,Male,Bachelors,Data Scientist,8,MNC,1790661
34,Female,Bachelors,Doctor,10,MNC,4949802
31,Male,Masters,Lawyer,7,MNC,4271709
23,Male,Bachelors,Teacher,1,MNC,575313
42,Female,PhD,Lawyer,19,Startup,4036157
26,Female,PhD,Accountant,3,Startup,1348440
41,Female,PhD,Doctor,17,MNC,9628284
49,Female,High School,Teacher,27,Mid-size,1087264
56,Male,High School,Lawyer,34,Startup,3698921
26,Female,Masters,Lawyer,3,Startup,2592584
45,Male,Masters,Accountant,24,Mid-size,2544449
56,Male,PhD,Doctor,33,MNC,13218808
57,Male,High School,Teacher,34,Mid-size,1255323
29,Female,PhD,Software Engineer,7,Mid-size,1599227
38,Male,PhD,Lawyer,15,Startup,5551175
27,Male,PhD,Accountant,3,MNC,1920219
45,Male,Masters,Doctor,22,Startup,5884681
55,Female,Masters,Accountant,31,MNC,3585279
35,Female,PhD,Teacher,12,MNC,1613364
51,Female,Masters,Lawyer,28,Mid-size,5708310
30,Female,PhD,Teacher,9,MNC,1592493
25,Female,Masters,Doctor,2,Mid-size,3204861
28,Male,High School,Teacher,5,Startup,559955
54,Female,PhD,Accountant,32,Startup,3861789
38,Male,Masters,Software Engineer,15,Startup,1150794
52,Female,PhD,Doctor,29,Startup,11644078
44,Male,PhD,Teacher,22,Mid-size,1899328
36,Male,Masters,Doctor,13,MNC,6547800
57,Male,Bachelors,Lawyer,34,Startup,4505069
34,Female,High School,Teacher,13,MNC,819269
55,Male,Masters,Data Scientist,33,Mid-size,3381101
50,Male,High School,Software Engineer,28,MNC,1676624
52,Male,PhD,Teacher,28,MNC,2456816
29,Female,Bachelors,Accountant,6,Startup,1088036
35,Male,High School,Doctor,14,MNC,4851243
42,Male,High School,Lawyer,21,MNC,4193478
37,Female,PhD,Doctor,15,MNC,9822137
38,Female,Masters,Doctor,14,Startup,5428711
42,Female,High School,Software Engineer,19,MNC,1264521
46,Female,Bachelors,Teacher,25,Startup,1116314
30,Female,Masters,Accountant,9,Startup,2185699
43,Female,PhD,Doctor,21,MNC,11283173
54,Female,Masters,Teacher,32,Mid-size,1709361
22,Male,Bachelors,Accountant,0,Startup,596292
48,Male,High School,Lawyer,25,Startup,4661414
57,Male,Masters,Data Scientist,33,Mid-size,3819991
39,Male,Masters,Accountant,17,Startup,1526515
38,Male,Masters,Teacher,15,Startup,1401721
51,Female,High School,Teacher,29,Startup,959557
28,Female,PhD,Data Scientist,4,Startup,1721252
27,Male,Bachelors,Accountant,5,Mid-size,1185098
50,Female,Masters,Doctor,29,Startup,9243664
33,Male,High School,Software Engineer,11,MNC,1160386
41,Male,Bachelors,Software Engineer,17,MNC,1743979
43,Female,Masters,Software Engineer,20,Mid-size,1436646
32,Female,PhD,Software Engineer,8,MNC,2241272
55,Female,PhD,Teacher,34,Mid-size,1956732
35,Female,PhD,Lawyer,12,Mid-size,4739670
43,Female,Masters,Accountant,20,Startup,1961900
55,Male,PhD,Data Scientist,32,Startup,4514156
42,Male,PhD,Accountant,21,Startup,2737954
47,Male,PhD,Accountant,23,Startup,3161822
44,Female,PhD,Lawyer,21,MNC,6853089
36,Female,PhD,Software Engineer,14,Mid-size,1639601
35,Male,Bachelors,Lawyer,11,Mid-size,2911682
31,Female,Masters,Software Engineer,9,MNC,1270843
27,Female,Masters,Data Scientist,5,MNC,2335353
27,Male,High School,Lawyer,4,Startup,1084298
44,Female,High School,Accountant,21,MNC,1867306
36,Male,PhD,Software Engineer,12,Mid-size,1783434
26,Male,PhD,Doctor,5,Mid-size,5544208
37,Female,High School,Doctor,14,MNC,5081120
50,Female,High School,Data Scientist,28,Startup,2831743
50,Female,PhD,Doctor,28,Mid-size,8250876
28,Male,PhD,Data Scientist,5,Startup,2500674
28,Female,PhD,Lawyer,7,Mid-size,3373795
53,Female,Bachelors,Doctor,31,Startup,5573319
55,Female,PhD,Doctor,33,Mid-size,12381698
38,Male,PhD,Software Engineer,17,Startup,2044433
33,Male,High School,Software Engineer,9,Mid-size,1199050
48,Male,Bachelors,Software Engineer,24,MNC,1869526
23,Male,High School,Data Scientist,0,Mid-size,852221
43,Male,Bachelors,Accountant,19,MNC,2388905
31,Male,Bachelors,Accountant,10,Startup,1172339
59,Female,Bachelors,Doctor,38,Mid-size,7380989
58,Male,PhD,Teacher,37,MNC,3023662
45,Male,High School,Lawyer,24,Mid-size,3406620
51,Male,PhD,Software Engineer,27,Mid-size,3231198
39,Male,High School,Data Scientist,16,Startup,1615231
38,Male,Masters,Lawyer,16,Startup,4202359
39,Female,Bachelors,Software Engineer,18,MNC,1754144
52,Female,Masters,Data Scientist,28,MNC,4391980
30,Male,Masters,Lawyer,9,Mid-size,2851706
58,Female,Masters,Accountant,35,Mid-size,3193995
46,Female,Masters,Teacher,24,MNC,1672453
39,Female,Masters,Accountant,15,MNC,2032691
40,Female,PhD,Doctor,19,MNC,7848527
24,Female,High School,Accountant,1,Startup,718993
29,Male,Masters,Doctor,5,Startup,4273252
57,Male,PhD,Lawyer,33,MNC,10518869
37,Male,PhD,Teacher,13,Startup,1711952
49,Female,High School,Doctor,27,MNC,5968648
35,Male,PhD,Software Engineer,12,Mid-size,1895223
54,Male,PhD,Lawyer,32,Mid-size,8462752
24,Male,Bachelors,Doctor,0,Mid-size,2361232
23,Female,Bachelors,Software Engineer,1,Mid-size,800632
47,Female,Bachelors,Teacher,23,Mid-size,1344328
55,Male,High School,Teacher,31,Startup,1061961
57,Male,High School,Software Engineer,33,MNC,1950116
23,Female,High School,Teacher,0,Startup,447475
57,Male,PhD,Data Scientist,35,Startup,4370473
27,Female,High School,Teacher,6,Startup,562242
51,Female,Bachelors,Data Scientist,30,Startup,2073286
40,Male,Bachelors,Doctor,18,MNC,6116341
58,Female,High School,Data Scientist,34,MNC,2936020
36,Female,Bachelors,Teacher,12,Startup,948032
58,Male,High School,Lawyer,37,Mid-size,4784790
38,Male,High School,Software Engineer,16,Mid-size,1142500
32,Female,High School,Software Engineer,10,MNC,1211106
56,Female,Bachelors,Accountant,33,Startup,2687306
55,Female,High School,Lawyer,34,Mid-size,4699903
22,Female,PhD,Accountant,0,Mid-size,1540226
25,Male,Masters,Doctor,3,Mid-size,3671977
38,Male,Masters,Teacher,16,Startup,987281
32,Female,Masters,Teacher,9,Startup,624607
57,Male,High School,Software Engineer,35,Startup,1824457
57,Female,Masters,Doctor,36,Startup,6968691
42,Male,PhD,Data Scientist,20,Startup,2995858
41,Male,Masters,Doctor,17,Mid-size,5152302
47,Male,Bachelors,Lawyer,25,MNC,5741659
43,Female,High School,Data Scientist,19,Startup,1773485
59,Male,Masters,Data Scientist,35,Mid-size,3900611
42,Female,High School,Doctor,18,MNC,4244762
45,Male,Masters,Accountant,24,Mid-size,2433355
53,Female,Bachelors,Software Engineer,29,MNC,2134276
53,Male,Bachelors,Doctor,31,MNC,8391336
55,Female,High School,Software Engineer,34,Startup,1995525
39,Male,PhD,Data Scientist,16,Mid-size,3406404
56,Female,PhD,Accountant,33,Mid-size,5089599
45,Male,Bachelors,Accountant,21,MNC,2154262
31,Female,Bachelors,Data Scientist,8,MNC,2186917
25,Female,High School,Accountant,3,Mid-size,918560
40,Female,PhD,Lawyer,18,MNC,7531308
22,Female,High School,Lawyer,0,MNC,1766857
26,Female,PhD,Data Scientist,4,MNC,2444274
50,Male,PhD,Software Engineer,27,Mid-size,3537648
33,Female,Masters,Teacher,11,Startup,954396
23,Male,Bachelors,Software Engineer,0,Mid-size,782209
45,Female,Masters,Doctor,21,MNC,7012306
30,Female,High School,Software Engineer,6,Startup,693803
32,Female,PhD,Teacher,10,MNC,1530932
36,Female,Masters,Accountant,14,Mid-size,1965642
49,Male,PhD,Lawyer,25,Mid-size,6692758
57,Male,Bachelors,Software Engineer,36,MNC,2552150
47,Male,High School,Software Engineer,26,Startup,1477336
48,Male,Bachelors,Data Scientist,25,MNC,3218911
37,Male,Bachelors,Lawyer,15,Startup,3836958
37,Male,PhD,Lawyer,14,Mid-size,5749940
54,Female,Bachelors,Software Engineer,30,Mid-size,1764618
49,Female,PhD,Doctor,25,MNC,9792620
35,Female,PhD,Teacher,12,Mid-size,1328580
54,Female,High School,Doctor,31,Mid-size,6150357
31,Male,High School,Lawyer,8,MNC,2958031
26,Male,High School,Data Scientist,5,Startup,728205
33,Female,Masters,Doctor,11,MNC,5669827
24,Female,Masters,Accountant,3,Mid-size,1192274
56,Male,Bachelors,Lawyer,34,Startup,4561300
35,Male,High School,Data Scientist,11,Mid-size,1406274
36,Male,High School,Software Engineer,12,MNC,994184
53,Female,High School,Lawyer,31,Mid-size,4556208
47,Female,Bachelors,Data Scientist,26,Startup,2997400
25,Male,Bachelors,Accountant,4,Mid-size,937755
44,Male,High School,Software Engineer,22,MNC,1914101
55,Female,High School,Teacher,32,MNC,1410793
37,Female,Bachelors,Data Scientist,16,MNC,2633222
25,Male,Bachelors,Doctor,1,MNC,2719983
57,Male,High School,Doctor,34,Startup,5747151
33,Female,PhD,Teacher,10,MNC,1500631
41,Male,PhD,Software Engineer,18,Startup,2505671
42,Female,Bachelors,Software Engineer,19,MNC,1926520
40,Female,Masters,Accountant,18,Startup,1786403
57,Male,Bachelors,Data Scientist,33,MNC,3722320
23,Male,PhD,Software Engineer,2,Startup,1181301
34,Female,High School,Software Engineer,11,MNC,1241087
59,Female,Bachelors,Accountant,36,MNC,3026286
35,Female,Masters,Software Engineer,14,MNC,1892395
38,Male,Bachelors,Lawyer,17,Startup,4115888
40,Male,Masters,Teacher,16,MNC,1375155
54,Female,High School,Doctor,32,Startup,5011171
31,Female,Bachelors,Teacher,8,MNC,744053
37,Female,Masters,Lawyer,13,Mid-size,4036831
26,Female,Masters,Lawyer,2,Startup,1387874
50,Male,Masters,Lawyer,27,Startup,5617406
24,Male,High School,Data Scientist,3,Mid-size,777584
41,Male,Masters,Lawyer,17,Startup,5650464
27,Male,Masters,Lawyer,4,Mid-size,2339644
30,Female,High School,Doctor,9,Mid-size,3062961
28,Female,PhD,Software Engineer,6,Startup,1479528
23,Male,Bachelors,Teacher,0,MNC,679403
26,Male,Bachelors,Teacher,3,MNC,698994
25,Male,Bachelors,Teacher,3,MNC,672069
26,Female,PhD,Doctor,4,MNC,5347390
39,Male,PhD,Teacher,18,Mid-size,1748227
44,Male,High School,Data Scientist,23,MNC,2045656
48,Male,Bachelors,Doctor,25,Mid-size,5982815
42,Female,Masters,Lawyer,21,MNC,6033896
53,Male,High School,Accountant,31,Startup,1747174
53,Female,High School,Lawyer,30,Startup,5167699
50,Female,PhD,Doctor,28,Startup,11632710
55,Male,PhD,Accountant,32,Mid-size,3773076
30,Female,High School,Software Engineer,7,Mid-size,812658
56,Female,High School,Data Scientist,34,MNC,2644961
25,Male,Masters,Lawyer,2,Mid-size,2636467
33,Female,PhD,Lawyer,11,Startup,6281215
44,Male,Masters,Accountant,20,MNC,2612359
22,Male,Masters,Data Scientist,0,Startup,956966
26,Female,Masters,Accountant,2,MNC,1180857
33,Female,Bachelors,Doctor,10,Startup,2399970
51,Male,Bachelors,Lawyer,27,Startup,6327988
55,Female,Masters,Doctor,33,Mid-size,8628585
55,Female,Masters,Accountant,31,Mid-size,3160176
58,Male,Masters,Lawyer,36,Startup,7401518
43,Male,Bachelors,Teacher,21,Startup,864834
34,Male,High School,Software Engineer,10,MNC,1207508
40,Male,PhD,Doctor,19,MNC,9811490
59,Male,PhD,Doctor,35,MNC,16246076
25,Female,Masters,Accountant,4,Mid-size,1175588
56,Female,Bachelors,Lawyer,33,Startup,4121754
34,Male,Masters,Teacher,10,Mid-size,952723
56,Female,High School,Doctor,35,Startup,3969047
47,Male,Bachelors,Accountant,25,MNC,2566817
56,Female,Bachelors,Data Scientist,32,Mid-size,3249880
41,Female,High School,Data Scientist,18,Mid-size,2175514
31,Male,PhD,Teacher,10,Startup,826444
56,Female,Bachelors,Doctor,33,Mid-size,5906591
28,Female,Bachelors,Lawyer,7,MNC,3618059
55,Female,Bachelors,Doctor,32,MNC,7577005
53,Male,Masters,Accountant,29,MNC,3008689
46,Male,Masters,Lawyer,22,Mid-size,5706737
48,Female,Masters,Doctor,26,MNC,9515254
43,Male,PhD,Teacher,19,Mid-size,1594970
50,Female,High School,Teacher,26,MNC,1381317
43,Male,High School,Teacher,21,Startup,835423
59,Female,High School,Lawyer,37,Mid-size,4192778
52,Male,PhD,Software Engineer,28,Startup,2725555
39,Female,Masters,Software Engineer,16,MNC,2182310
26,Male,Masters,Data Scientist,3,Mid-size,1481899
41,Male,Bachelors,Teacher,17,Startup,886868
48,Male,PhD,Teacher,26,MNC,2298534
59,Female,Masters,Teacher,38,MNC,2389263
36,Male,PhD,Teacher,12,Mid-size,1378223
30,Female,PhD,Teacher,6,MNC,1109447
25,Male,PhD,Accountant,3,Startup,1141775
32,Female,Masters,Lawyer,11,MNC,3594383
59,Female,Bachelors,Software Engineer,37,Mid-size,2465986
56,Female,Masters,Accountant,33,MNC,3848967
24,Female,High School,Software Engineer,1,MNC,723137
31,Female,Masters,Teacher,10,MNC,1213242
59,Female,PhD,Software Engineer,38,Mid-size,3803669
27,Female,Bachelors,Data Scientist,3,MNC,1160420
47,Male,High School,Software Engineer,26,Mid-size,1767460
47,Male,Bachelors,Data Scientist,23,MNC,2975642
37,Male,Masters,Software Engineer,16,Startup,1828142
23,Male,PhD,Teacher,1,Mid-size,994986
59,Male,High School,Teacher,37,MNC,1615671
54,Male,Bachelors,Data Scientist,33,MNC,4294863
29,Female,High School,Doctor,6,Startup,2509777
41,Female,Bachelors,Software Engineer,17,MNC,1913621
50,Female,Masters,Doctor,26,MNC,10123222
31,Male,PhD,Software Engineer,10,Startup,2187584
58,Female,PhD,Teacher,36,Mid-size,2520899
50,Male,High School,Teacher,26,Startup,877868
52,Female,PhD,Software Engineer,30,Mid-size,3338259
49,Female,Masters,Accountant,25,Startup,3184484
28,Female,High School,Accountant,6,MNC,1010099
23,Female,Bachelors,Teacher,2,MNC,744118
44,Female,Bachelors,Data Scientist,22,MNC,2757178
24,Female,Masters,Teacher,2,Mid-size,784779
23,Male,Masters,Software Engineer,1,MNC,1246068
33,Female,PhD,Teacher,11,Startup,1444470
41,Female,PhD,Accountant,20,Mid-size,2820247
51,Female,Bachelors,Teacher,30,Startup,1316559
32,Female,Bachelors,Accountant,8,Mid-size,1032301
47,Female,High School,Accountant,26,Mid-size,1601066
56,Male,Masters,Lawyer,32,Mid-size,6860366
37,Female,Bachelors,Lawyer,14,Startup,2849929
37,Male,High School,Teacher,14,Mid-size,896269
36,Male,Masters,Software Engineer,14,Startup,1245411
56,Male,Masters,Accountant,35,Startup,2409948
44,Male,Masters,Software Engineer,21,MNC,2426413
28,Male,PhD,Software Engineer,7,Mid-size,1809651
28,Female,Masters,Lawyer,4,Startup,2481599
57,Female,Masters,Teacher,33,Startup,1543854
56,Female,High School,Software Engineer,32,Mid-size,1786597
46,Female,High School,Software Engineer,22,Startup,1535507
43,Male,Masters,Lawyer,19,Mid-size,4785578
57,Male,Masters,Software Engineer,33,Mid-size,2597259
39,Female,Bachelors,Software Engineer,17,Startup,1247265
23,Male,Bachelors,Accountant,2,MNC,1019149
52,Female,High School,Software Engineer,29,Startup,1531622
35,Male,Masters,Accountant,12,Startup,1627281
41,Female,High School,Lawyer,19,Mid-size,2989029
58,Female,High School,Software Engineer,36,Mid-size,1673535
28,Female,PhD,Lawyer,6,Startup,2648844
38,Female,PhD,Software Engineer,16,Startup,2252562
30,Male,PhD,Software Engineer,9,Mid-size,1828163
30,Female,PhD,Software Engineer,8,Mid-size,1829869
35,Male,PhD,Doctor,14,Startup,7519408
50,Female,Bachelors,Lawyer,27,Startup,4871521
37,Male,PhD,Teacher,14,Startup,1448123
59,Female,PhD,Doctor,38,Startup,14215894
41,Male,PhD,Data Scientist,19,MNC,4248585
54,Male,High School,Doctor,30,Startup,5350945
55,Female,PhD,Teacher,31,Startup,1972066
54,Male,PhD,Data Scientist,32,Mid-size,4920957
50,Female,Masters,Lawyer,27,MNC,6006108
30,Female,Bachelors,Doctor,8,MNC,3243776
25,Male,High School,Doctor,4,MNC,3126140
56,Male,High School,Data Scientist,33,Startup,2585146
52,Female,PhD,Data Scientist,28,MNC,5751038
34,Male,PhD,Teacher,12,Startup,1221342
31,Female,PhD,Teacher,7,Startup,1257466
27,Female,PhD,Software Engineer,5,MNC,1790777
47,Male,PhD,Lawyer,26,Mid-size,8551359
33,Male,Bachelors,Data Scientist,12,Startup,1789428
55,Male,PhD,Software Engineer,33,Startup,3387635
43,Male,High School,Doctor,22,Startup,3853042
51,Female,Bachelors,Data Scientist,27,MNC,3146596
40,Female,Masters,Data Scientist,19,MNC,3385489
53,Female,High School,Software Engineer,31,MNC,1505097
50,Male,High School,Lawyer,27,Startup,3714730
58,Female,High School,Software Engineer,35,Mid-size,1595036
29,Female,Bachelors,Doctor,8,Startup,3092538
47,Female,Bachelors,Lawyer,26,Mid-size,4511201
54,Female,PhD,Teacher,31,MNC,1795882
51,Male,Bachelors,Lawyer,29,Mid-size,3310960
59,Female,Masters,Lawyer,37,Startup,8348533
48,Male,High School,Accountant,27,Mid-size,1700390
50,Female,PhD,Data Scientist,28,Startup,4688351
27,Male,PhD,Teacher,5,Startup,1352977
43,Female,Bachelors,Lawyer,20,MNC,4204019
46,Male,Masters,Teacher,25,MNC,1671858
30,Female,Masters,Data Scientist,7,Mid-size,1907290
55,Female,PhD,Data Scientist,32,MNC,5863264
27,Male,Bachelors,Lawyer,4,MNC,2398317
24,Male,Bachelors,Teacher,2,MNC,683361
51,Male,High School,Data Scientist,27,Startup,2890884
50,Female,High School,Teacher,28,Mid-size,923020
58,Female,PhD,Doctor,37,Startup,9255078
43,Female,PhD,Accountant,19,MNC,3825038
36,Male,Bachelors,Teacher,12,Startup,736349
53,Female,Masters,Software Engineer,29,Mid-size,2014945
23,Male,Bachelors,Data Scientist,1,Mid-size,1301333
50,Male,Masters,Software Engineer,27,MNC,3215607
22,Male,PhD,Lawyer,1,Startup,2354527
30,Female,PhD,Teacher,8,Startup,1308721
42,Female,Bachelors,Teacher,19,Mid-size,1069673
57,Male,High School,Data Scientist,33,MNC,3463976
43,Female,Bachelors,Doctor,20,MNC,6621986
32,Male,PhD,Software Engineer,11,MNC,2939537
51,Male,High School,Accountant,29,MNC,2242160
56,Female,Bachelors,Teacher,34,MNC,1899041
26,Female,PhD,Data Scientist,2,Mid-size,2083953
59,Male,Bachelors,Doctor,35,MNC,11173279
53,Male,High School,Doctor,31,Mid-size,5353121
54,Male,Masters,Accountant,33,Mid-size,3112743
33,Male,Masters,Doctor,9,Mid-size,4452396
43,Female,High School,Accountant,20,Startup,1529733
24,Male,Masters,Doctor,0,Mid-size,3124684
45,Female,Bachelors,Data Scientist,21,Mid-size,2438202
41,Female,Bachelors,Data Scientist,17,Startup,2121040
34,Male,Bachelors,Data Scientist,13,Startup,2073728
30,Male,Masters,Doctor,6,Startup,3863423
34,Female,PhD,Lawyer,10,MNC,5403244
57,Female,High School,Accountant,36,Startup,1814859
31,Female,High School,Data Scientist,7,Mid-size,1331953
25,Male,High School,Software Engineer,3,Startup,523270
50,Male,Bachelors,Accountant,27,Mid-size,2578375
54,Male,Masters,Teacher,33,MNC,1840505
38,Male,High School,Software Engineer,16,Startup,826700
40,Male,Bachelors,Doctor,19,Mid-size,4107999
44,Male,High School,Accountant,22,MNC,2028942
39,Female,High School,Software Engineer,18,Startup,923260
38,Male,PhD,Software Engineer,15,MNC,2635886
58,Female,Bachelors,Doctor,36,MNC,8460620
31,Male,Masters,Accountant,7,MNC,1827710
47,Male,High School,Accountant,26,Startup,1233955
37,Female,PhD,Accountant,14,Startup,2113828
33,Female,PhD,Software Engineer,10,Mid-size,1859505
57,Male,PhD,Teacher,33,Startup,1907908
45,Female,PhD,Software Engineer,22,MNC,3276689
49,Female,PhD,Software Engineer,28,MNC,3534524
27,Female,Bachelors,Doctor,4,MNC,2947642
27,Male,High School,Accountant,6,Mid-size,973886
28,Female,High School,Lawyer,6,Mid-size,2152494
52,Female,High School,Teacher,31,MNC,1271738
57,Male,Masters,Software Engineer,33,Mid-size,3054463
53,Female,Masters,Lawyer,29,Mid-size,5534721
47,Female,PhD,Lawyer,26,Startup,7268438
40,Male,High School,Accountant,18,Startup,1685596
44,Male,High School,Doctor,21,MNC,4914599
58,Male,PhD,Data Scientist,37,MNC,8152242
47,Male,High School,Lawyer,23,MNC,4343962
44,Female,PhD,Lawyer,21,Startup,7172743
23,Female,PhD,Doctor,0,Startup,3217291
39,Female,Masters,Software Engineer,16,Startup,1629717
24,Female,Masters,Accountant,3,Mid-size,1390391
32,Male,Masters,Doctor,9,Startup,4671766
36,Male,PhD,Teacher,13,Mid-size,1715885
53,Male,Bachelors,Data Scientist,31,Startup,3595518
49,Male,Bachelors,Accountant,27,MNC,2527346
56,Female,High School,Software Engineer,35,Mid-size,1815884
29,Male,High School,Doctor,6,Mid-size,2240144
52,Female,High School,Software Engineer,30,MNC,2119938
23,Male,High School,Accountant,1,MNC,1052966
53,Male,Masters,Teacher,30,MNC,1818997
51,Female,PhD,Software Engineer,30,Mid-size,3038289
45,Male,Bachelors,Accountant,24,Mid-size,2126654
36,Male,PhD,Accountant,13,Startup,2213685
39,Male,Bachelors,Lawyer,15,Mid-size,3919099
56,Male,High School,Software Engineer,32,MNC,1673909
45,Female,PhD,Software Engineer,21,Startup,2162990
29,Male,High School,Doctor,5,Startup,2625505
55,Female,Bachelors,Software Engineer,33,Startup,3227424
47,Male,Bachelors,Doctor,26,Startup,6533041
49,Female,High School,Lawyer,26,Startup,3115770
35,Female,Masters,Data Scientist,14,Startup,2464781
28,Female,Bachelors,Doctor,6,Mid-size,3526430
52,Female,Bachelors,Teacher,29,MNC,1569688
32,Male,High School,Accountant,8,MNC,1369959
39,Male,High School,Teacher,18,Mid-size,807976
35,Female,Masters,Accountant,11,Startup,1919534
36,Male,PhD,Accountant,12,MNC,2703840
25,Male,Masters,Lawyer,2,Startup,2470554
43,Male,Bachelors,Data Scientist,20,Startup,2083637
23,Male,PhD,Accountant,0,Startup,1261062
51,Female,PhD,Lawyer,29,Startup,11638851
29,Male,PhD,Teacher,8,MNC,1743694
27,Male,Masters,Data Scientist,3,Mid-size,1735387
53,Female,PhD,Software Engineer,30,MNC,3572700
53,Male,PhD,Software Engineer,32,Mid-size,3185959
55,Female,PhD,Doctor,34,MNC,12269684
28,Male,High School,Software Engineer,5,Startup,764484
46,Female,High School,Accountant,23,Mid-size,1494729
45,Female,PhD,Software Engineer,23,Mid-size,2656919
29,Female,Bachelors,Data Scientist,6,MNC,1840265
59,Male,PhD,Software Engineer,35,Startup,2319620
55,Male,PhD,Accountant,31,MNC,5180767
54,Male,High School,Teacher,31,Startup,1428498
50,Female,Bachelors,Teacher,29,Startup,1028097
34,Female,PhD,Doctor,13,MNC,7729258
27,Female,Bachelors,Lawyer,3,MNC,2758888
41,Female,High School,Data Scientist,20,Mid-size,1377995
30,Female,Masters,Doctor,9,Startup,4547159
31,Female,High School,Accountant,10,Mid-size,916252
47,Female,Bachelors,Accountant,25,Startup,1954652
25,Female,PhD,Software Engineer,4,Mid-size,1232641
34,Female,PhD,Data Scientist,10,Startup,3320741
25,Female,PhD,Doctor,1,MNC,4641964
32,Male,Masters,Teacher,8,Startup,1181652
33,Male,High School,Lawyer,10,MNC,2741334
47,Female,High School,Data Scientist,23,MNC,2184659
46,Female,High School,Lawyer,22,MNC,4339357
52,Male,High School,Data Scientist,31,MNC,2987015
36,Female,High School,Data Scientist,13,Startup,1359303
33,Female,High School,Data Scientist,12,MNC,1768101
35,Male,PhD,Doctor,12,MNC,9064663
52,Female,PhD,Doctor,31,Mid-size,13952246
46,Female,Masters,Data Scientist,23,Mid-size,2526959
59,Female,Bachelors,Lawyer,35,Startup,7130026
58,Female,High School,Accountant,35,Mid-size,2000933
38,Female,Masters,Doctor,14,Startup,6526790
33,Female,High School,Accountant,9,MNC,1314288
29,Female,High School,Accountant,6,Mid-size,972009
50,Male,Bachelors,Data Scientist,28,Mid-size,3185534
59,Female,High School,Teacher,37,MNC,1514659
47,Female,High School,Teacher,24,MNC,1111177
38,Female,PhD,Doctor,15,MNC,7397308
33,Male,Bachelors,Teacher,9,Startup,804341
53,Male,High School,Doctor,31,Mid-size,5879362
56,Male,High School,Data Scientist,34,Startup,2140927
26,Male,Bachelors,Lawyer,4,MNC,2789522
47,Male,High School,Lawyer,23,Mid-size,3642194
33,Male,Masters,Doctor,12,Startup,6219801
26,Male,High School,Teacher,3,Mid-size,440638
29,Female,High School,Lawyer,6,MNC,2345864
58,Female,Bachelors,Data Scientist,36,MNC,3554334
55,Female,Bachelors,Software Engineer,33,Startup,2258569
28,Male,PhD,Doctor,6,MNC,7197305
59,Male,PhD,Accountant,35,Mid-size,3725715
51,Female,Bachelors,Software Engineer,30,Startup,2120411
39,Male,Masters,Data Scientist,18,Mid-size,2718714
57,Female,Masters,Accountant,34,Startup,3675952
59,Male,Bachelors,Data Scientist,37,MNC,4703552
33,Female,Masters,Doctor,12,Startup,6254271
40,Female,PhD,Teacher,17,MNC,1580913
39,Female,PhD,Accountant,15,Mid-size,1920967
33,Female,PhD,Doctor,12,Startup,4852132
22,Female,Masters,Lawyer,1,Startup,1938029
38,Male,PhD,Software Engineer,17,Startup,2321154
33,Female,High School,Teacher,10,Startup,705796
34,Male,PhD,Doctor,11,Startup,7093653
45,Female,Bachelors,Lawyer,21,Mid-size,4602992
36,Male,Masters,Teacher,15,Mid-size,1052446
32,Male,High School,Accountant,11,MNC,1434053
34,Female,Bachelors,Lawyer,13,Startup,3282624
34,Male,High School,Teacher,13,Startup,818959
45,Male,High School,Doctor,23,Mid-size,4367492
50,Female,Masters,Accountant,27,Mid-size,2662769
27,Male,PhD,Teacher,6,Mid-size,1051288
51,Female,Bachelors,Teacher,28,MNC,1565265
31,Male,Bachelors,Teacher,7,Startup,692750
58,Male,Masters,Software Engineer,34,MNC,2867369
35,Female,PhD,Teacher,12,Mid-size,1255094
50,Male,Masters,Accountant,26,MNC,2921051
43,Male,Bachelors,Doctor,22,Mid-size,5658596
42,Female,High School,Software Engineer,21,Startup,1171303
47,Female,PhD,Data Scientist,24,Startup,3554419
57,Male,High School,Doctor,36,MNC,7311522
37,Female,Masters,Software Engineer,13,MNC,1520064
45,Female,Bachelors,Software Engineer,22,Startup,1594908
39,Male,Masters,Teacher,17,MNC,1060683
54,Male,High School,Teacher,33,Mid-size,1152698
35,Female,Masters,Lawyer,11,Startup,4647661
51,Female,High School,Teacher,28,Startup,896500
49,Female,Masters,Data Scientist,25,Mid-size,3479178
42,Female,High School,Software Engineer,21,MNC,1663473
31,Male,Bachelors,Lawyer,8,Mid-size,2844618
48,Female,Bachelors,Doctor,26,Startup,5615386
22,Female,High School,Accountant,0,Mid-size,762053
46,Male,Bachelors,Software Engineer,25,MNC,2050294
45,Female,Masters,Teacher,21,Startup,1761300
56,Male,Bachelors,Lawyer,34,Startup,5287334
33,Male,Bachelors,Doctor,11,Mid-size,4719095
57,Male,Bachelors,Teacher,33,Mid-size,1559738
45,Male,Bachelors,Teacher,24,Mid-size,1334109
31,Female,Bachelors,Lawyer,7,Startup,2263960
52,Male,Bachelors,Teacher,30,Startup,1405151
36,Male,Masters,Data Scientist,15,MNC,3318012
28,Female,PhD,Data Scientist,5,Mid-size,2356147
45,Female,Masters,Accountant,23,Startup,1880415
47,Male,PhD,Accountant,24,MNC,3801169
32,Female,Masters,Software Engineer,11,Startup,1289926
23,Female,Masters,Lawyer,2,MNC,3012589
45,Female,Masters,Lawyer,21,MNC,5586504
39,Male,PhD,Data Scientist,18,Startup,3232689
35,Female,High School,Software Engineer,11,Mid-size,946941
47,Female,Masters,Teacher,25,Mid-size,1634765
32,Male,High School,Data Scientist,9,MNC,1601618
38,Female,Masters,Doctor,16,Startup,3910209
50,Male,PhD,Doctor,27,Startup,10755131
35,Female,Bachelors,Software Engineer,11,Startup,1446772
53,Female,Masters,Software Engineer,31,Startup,3083414
23,Male,Bachelors,Lawyer,2,MNC,2807873
48,Female,Bachelors,Doctor,27,Mid-size,6371202
22,Female,PhD,Data Scientist,1,MNC,1922329
25,Male,Masters,Teacher,4,Startup,680898
33,Female,High School,Lawyer,11,Mid-size,2587748
40,Male,High School,Doctor,16,Mid-size,3500194
26,Female,High School,Teacher,2,Mid-size,471595
38,Male,Bachelors,Data Scientist,14,Startup,1858637
54,Male,Bachelors,Lawyer,32,Startup,6057614
39,Male,High School,Teacher,16,Startup,802348
25,Male,High School,Data Scientist,4,Startup,1124341
39,Female,High School,Data Scientist,18,Mid-size,1914234
31,Female,PhD,Doctor,10,Startup,6511556
36,Male,Bachelors,Software Engineer,13,Mid-size,1141965
43,Female,PhD,Data Scientist,19,Mid-size,3470040
44,Male,Bachelors,Software Engineer,20,MNC,2042931
55,Female,High School,Data Scientist,32,Startup,2212562
54,Female,Masters,Data Scientist,31,MNC,4347388
55,Female,Bachelors,Lawyer,34,Startup,8404107
57,Male,Masters,Software Engineer,33,Startup,2237640
57,Female,PhD,Teacher,33,Mid-size,2435429
37,Male,Masters,Doctor,15,Mid-size,6311183
59,Male,Masters,Lawyer,37,Mid-size,7039212
22,Male,Masters,Lawyer,0,MNC,3280229
41,Female,Bachelors,Doctor,19,Mid-size,5692424
31,Male,PhD,Teacher,9,Mid-size,1264799
49,Male,Masters,Software Engineer,26,Startup,3287733
53,Male,Bachelors,Teacher,30,Startup,1737778
38,Male,PhD,Data Scientist,15,MNC,3985959
27,Female,Masters,Data Scientist,5,MNC,1929366
30,Male,Masters,Doctor,8,Startup,3987248
46,Male,Bachelors,Doctor,23,Mid-size,6997402
31,Male,High School,Data Scientist,9,Mid-size,1348616
23,Male,PhD,Teacher,0,Startup,713399
29,Male,Masters,Software Engineer,5,MNC,1529083
29,Male,High School,Teacher,7,Mid-size,514653
41,Female,High School,Doctor,17,MNC,3402769
27,Female,High School,Accountant,5,MNC,1143119
38,Male,Bachelors,Software Engineer,15,MNC,1523848
51,Male,Bachelors,Software Engineer,30,MNC,2731734
47,Female,Bachelors,Lawyer,23,Mid-size,3907065
44,Male,Bachelors,Software Engineer,21,Startup,1337663
37,Female,Masters,Lawyer,16,MNC,5326144
34,Male,High School,Software Engineer,11,Startup,855435
29,Female,High School,Data Scientist,6,Startup,903706
53,Male,PhD,Accountant,31,Mid-size,4188425
22,Female,High School,Software Engineer,1,Mid-size,557995
31,Female,Masters,Doctor,8,MNC,4662609
23,Female,Bachelors,Software Engineer,0,Mid-size,738698
39,Male,PhD,Lawyer,15,Startup,4217584
52,Female,Masters,Software Engineer,30,Startup,2402431
39,Male,Bachelors,Teacher,17,Mid-size,1088455
29,Male,Masters,Data Scientist,5,Startup,2049411
43,Male,PhD,Data Scientist,22,Mid-size,4075601
30,Female,Bachelors,Doctor,8,Startup,3299847
29,Male,Masters,Doctor,5,Startup,3914614
51,Female,High School,Doctor,27,Mid-size,5031166
41,Female,Bachelors,Lawyer,17,Mid-size,3557650
30,Female,PhD,Software Engineer,6,MNC,2162113
47,Female,Masters,Doctor,25,Startup,8876182
40,Male,Masters,Teacher,16,Mid-size,1251281
49,Male,Masters,Accountant,28,Startup,3181405
34,Male,Bachelors,Accountant,12,MNC,2318716
41,Female,High School,Teacher,18,MNC,1046863
51,Female,High School,Accountant,29,Mid-size,1805243
37,Female,PhD,Teacher,15,MNC,1720568
24,Male,High School,Accountant,3,Startup,758772
37,Female,PhD,Teacher,14,Startup,1817427
54,Female,PhD,Data Scientist,32,MNC,6283426
49,Male,High School,Accountant,27,Startup,2060210
36,Male,PhD,Data Scientist,13,MNC,4562072
32,Female,High School,Lawyer,11,MNC,3077554
45,Male,Masters,Doctor,24,Mid-size,8874235
54,Female,Masters,Accountant,30,Mid-size,2306341
44,Female,High School,Teacher,23,MNC,775011
37,Female,PhD,Doctor,15,Mid-size,6391839
59,Male,High School,Lawyer,37,Mid-size,5216998
39,Male,Bachelors,Accountant,16,Mid-size,1890906
22,Male,High School,Software Engineer,0,Startup,514167
26,Female,High School,Accountant,3,MNC,1046144
36,Male,High School,Accountant,13,Mid-size,1268821
30,Male,Bachelors,Software Engineer,8,MNC,1198322
44,Male,PhD,Lawyer,21,Mid-size,6929402
57,Female,PhD,Teacher,36,MNC,2851378
34,Male,Bachelors,Accountant,10,Startup,1226189
25,Male,PhD,Lawyer,4,Mid-size,3888394
32,Female,Masters,Accountant,8,Startup,1360235
32,Male,Bachelors,Accountant,8,MNC,1488079
53,Male,Bachelors,Teacher,32,Startup,1417735
29,Male,High School,Doctor,8,MNC,3683989
44,Male,Bachelors,Doctor,23,Startup,5003690
54,Female,High School,Data Scientist,32,Mid-size,2482103
46,Female,High School,Accountant,22,MNC,1815668
36,Male,Bachelors,Doctor,13,MNC,4725887
31,Female,Bachelors,Software Engineer,8,Mid-size,1038951
44,Female,Masters,Data Scientist,20,MNC,3369659
53,Female,Masters,Lawyer,29,Mid-size,4115501
40,Male,Masters,Software Engineer,16,MNC,2720601
43,Female,High School,Lawyer,20,Mid-size,3351523
22,Male,PhD,Data Scientist,1,Startup,1663324
58,Male,Masters,Accountant,36,Startup,3893506
27,Male,High School,Accountant,3,MNC,790684
31,Female,PhD,Accountant,9,Mid-size,2222911
51,Female,PhD,Accountant,30,Mid-size,3976360
36,Male,PhD,Accountant,15,Mid-size,2790000
25,Female,High School,Data Scientist,2,Mid-size,926353
49,Female,Bachelors,Accountant,26,Startup,2482435
47,Female,PhD,Data Scientist,25,Startup,3416067
39,Male,PhD,Teacher,16,Startup,1730809
51,Male,PhD,Doctor,28,Startup,13190540
42,Male,High School,Lawyer,18,Mid-size,3057678
56,Male,PhD,Doctor,33,Startup,11264562
42,Female,High School,Doctor,21,Mid-size,3929650
49,Female,Bachelors,Accountant,26,Startup,2256809
36,Male,PhD,Accountant,14,Startup,1816425
27,Female,PhD,Teacher,3,MNC,1020525
59,Female,High School,Teacher,37,MNC,1633300
30,Female,High School,Accountant,6,MNC,979409
45,Male,PhD,Teacher,24,MNC,2430174
40,Male,Masters,Data Scientist,19,Mid-size,2901116
47,Female,High School,Lawyer,26,MNC,3731495
38,Male,Masters,Lawyer,14,Startup,4776683
50,Male,Bachelors,Data Scientist,26,Startup,2416981
27,Male,PhD,Lawyer,5,Startup,4292500
24,Male,High School,Lawyer,1,MNC,1704296
36,Male,Masters,Accountant,12,Mid-size,1716498
47,Male,Masters,Lawyer,24,Startup,4683085
40,Male,PhD,Lawyer,18,Startup,3412377
40,Female,Masters,Doctor,17,Startup,6233116
55,Female,Masters,Accountant,34,Startup,3369841
48,Female,Masters,Teacher,25,MNC,1666186
36,Male,Masters,Accountant,14,Startup,1828326
47,Male,PhD,Software Engineer,25,Startup,3140351
25,Female,Bachelors,Teacher,4,MNC,746831
37,Male,Bachelors,Accountant,16,Startup,1551290
30,Female,PhD,Lawyer,7,Startup,3037992
24,Female,Masters,Lawyer,2,Mid-size,2646426
36,Male,Bachelors,Data Scientist,14,MNC,2234694
48,Female,Bachelors,Teacher,27,Startup,1224663
36,Male,Bachelors,Lawyer,14,Mid-size,3045597
22,Female,Masters,Doctor,0,Startup,2685404
31,Male,High School,Lawyer,8,Mid-size,2166063
47,Male,High School,Teacher,23,Mid-size,944690
27,Male,Bachelors,Lawyer,6,Startup,2749025
58,Female,High School,Software Engineer,35,Mid-size,1652595
26,Female,Bachelors,Data Scientist,4,MNC,1650289
28,Male,High School,Accountant,6,Startup,1077149
51,Male,Masters,Data Scientist,30,MNC,4423402
54,Male,Masters,Data Scientist,32,MNC,5236241
51,Male,Bachelors,Doctor,30,MNC,8066191
22,Male,PhD,Data Scientist,0,Startup,1547026
46,Male,Masters,Data Scientist,25,MNC,3829776
24,Male,PhD,Lawyer,3,Startup,2828639
23,Female,High School,Teacher,2,Mid-size,377508
57,Female,PhD,Accountant,36,MNC,4891633
58,Male,High School,Software Engineer,36,MNC,2339635
32,Female,PhD,Accountant,9,Mid-size,2127267
55,Male,Masters,Teacher,34,Mid-size,1822933
33,Female,PhD,Software Engineer,12,Startup,1773357
36,Male,Bachelors,Software Engineer,14,Startup,1616520
52,Female,High School,Data Scientist,29,MNC,2581863
53,Female,Bachelors,Doctor,32,Startup,6158852
38,Male,Masters,Accountant,17,Startup,2879281
48,Male,Bachelors,Lawyer,27,Startup,4807866
38,Female,PhD,Accountant,17,Mid-size,3112383
49,Male,Bachelors,Accountant,28,Mid-size,2566244
23,Male,Bachelors,Teacher,2,Startup,465418
30,Female,Masters,Doctor,9,Startup,3762265
23,Female,PhD,Teacher,1,Mid-size,794259
34,Male,Bachelors,Teacher,13,MNC,983216
51,Female,High School,Lawyer,27,Mid-size,3453171
40,Male,Bachelors,Software Engineer,19,Mid-size,1729736
44,Female,Bachelors,Doctor,22,Mid-size,5825603
54,Male,PhD,Software Engineer,32,MNC,4102144
35,Male,High School,Doctor,11,Mid-size,3654174
38,Male,Masters,Teacher,15,Mid-size,1018050
33,Female,Masters,Doctor,10,Startup,3272922
57,Male,Masters,Doctor,34,MNC,9778339
47,Male,Bachelors,Lawyer,23,Mid-size,3956991
42,Female,PhD,Data Scientist,19,Mid-size,3777870
24,Female,PhD,Accountant,3,MNC,1836697
36,Female,High School,Doctor,15,MNC,3948482
25,Female,High School,Data Scientist,2,Startup,766917
44,Female,Masters,Doctor,22,Startup,5694225
52,Female,High School,Software Engineer,29,Startup,1309624
54,Female,Bachelors,Doctor,30,Startup,6358288
25,Female,Masters,Data Scientist,4,Startup,1379067
43,Male,Masters,Software Engineer,19,MNC,2775016
44,Male,PhD,Teacher,20,Startup,1593818
42,Male,Bachelors,Teacher,20,Startup,790479
45,Male,Masters,Accountant,22,MNC,3201801
40,Male,Bachelors,Teacher,18,Startup,662415
35,Male,PhD,Lawyer,11,MNC,4772068
33,Female,Bachelors,Software Engineer,10,Mid-size,1270898
54,Male,PhD,Accountant,33,Startup,3020625
52,Male,Bachelors,Teacher,31,MNC,1966581
31,Male,High School,Data Scientist,7,Mid-size,1073182
55,Female,PhD,Data Scientist,34,MNC,4396833
53,Female,PhD,Teacher,32,Mid-size,2510067
26,Male,Masters,Software Engineer,2,MNC,1324674
45,Male,PhD,Doctor,22,Startup,6253963
51,Male,Masters,Lawyer,27,Mid-size,5416566
25,Male,High School,Teacher,3,Startup,405245
22,Male,Bachelors,Teacher,0,Mid-size,495953
54,Male,Masters,Teacher,33,MNC,1962191
47,Female,Masters,Teacher,24,Startup,935384
33,Male,High School,Accountant,12,Startup,939674
37,Female,High School,Accountant,13,Startup,1109638
30,Female,Masters,Lawyer,9,Mid-size,2864772
42,Female,Masters,Software Engineer,19,Startup,1804015
54,Male,High School,Lawyer,30,Startup,3849311
41,Male,Masters,Data Scientist,17,Startup,1739501
46,Female,Bachelors,Data Scientist,25,Mid-size,2515439
50,Female,Bachelors,Software Engineer,28,Startup,1422228
25,Male,Bachelors,Software Engineer,3,MNC,1046877
39,Female,Masters,Software Engineer,17,Startup,2029975
38,Male,High School,Doctor,15,MNC,4172059
48,Male,Masters,Software Engineer,27,Mid-size,2049588
53,Female,Bachelors,Teacher,29,Startup,1279482
28,Male,PhD,Accountant,7,Mid-size,1612510
32,Male,PhD,Software Engineer,8,MNC,2246250
43,Female,High School,Accountant,21,MNC,1455497
35,Male,Bachelors,Doctor,14,Mid-size,4106552
37,Female,Bachelors,Lawyer,14,Startup,4233493
42,Male,Masters,Accountant,20,Mid-size,2639803
29,Male,Bachelors,Teacher,5,MNC,922517
22,Male,Masters,Doctor,0,Startup,2781635
37,Male,High School,Software Engineer,15,MNC,1498274
46,Male,PhD,Data Scientist,24,MNC,4806686
39,Male,Masters,Lawyer,17,Startup,5221737
39,Female,Bachelors,Lawyer,18,Startup,3310532
37,Female,High School,Accountant,14,MNC,1311820
46,Male,PhD,Software Engineer,22,Mid-size,2434481
50,Male,High School,Software Engineer,26,Mid-size,1528143
24,Female,Bachelors,Data Scientist,1,Mid-size,1073111
30,Male,Bachelors,Lawyer,9,Startup,2430786
48,Male,High School,Doctor,24,Startup,4621865
24,Male,Masters,Software Engineer,3,Mid-size,1057310
51,Male,Bachelors,Data Scientist,29,Mid-size,3043345
31,Male,Bachelors,Accountant,10,Startup,1081730
43,Male,High School,Software Engineer,19,MNC,1532701
30,Male,Bachelors,Accountant,6,Startup,1078754
43,Female,Bachelors,Teacher,20,MNC,1378330
38,Male,Bachelors,Teacher,14,Startup,1179806
28,Male,Masters,Doctor,5,Startup,4509812
38,Female,Masters,Lawyer,16,Mid-size,3571276
37,Female,PhD,Accountant,16,Startup,3013493
36,Male,High School,Lawyer,15,MNC,3989011
29,Male,High School,Software Engineer,6,Startup,844084
31,Male,High School,Accountant,8,Startup,763070
22,Female,Bachelors,Software Engineer,0,Mid-size,925282
24,Female,Masters,Software Engineer,3,Startup,639210
59,Female,PhD,Lawyer,35,Mid-size,9148436
57,Male,High School,Doctor,34,Mid-size,6414052
47,Male,PhD,Software Engineer,23,Mid-size,2434062
54,Male,High School,Teacher,33,Startup,1493630
35,Male,PhD,Data Scientist,11,MNC,3939192
40,Male,Bachelors,Accountant,17,MNC,1874529
31,Male,High School,Teacher,7,MNC,687597
34,Male,PhD,Data Scientist,11,MNC,3731532
53,Female,High School,Data Scientist,31,MNC,3060921
59,Female,PhD,Doctor,35,Mid-size,11959069
29,Female,High School,Lawyer,7,MNC,2556642
40,Male,Masters,Accountant,16,MNC,2413862
